{"type":"Feature","properties":{"name":"NCAAD2-10k","legacyMeetId":"5313","distance":"10k"},"geometry":{"type":"LineString","coordinates":[[-122.5817720611433,47.19884021426731],[-122.5816766940244,47.19891272055896],[-122.5817135795512,47.19896315260337],[-122.5816941076442,47.19897628642625],[-122.5816624414485,47.19898227940232],[-122.5816214852626,47.19899802075893],[-122.5815804376403,47.19901161100337],[-122.5814888300988,47.19903723164194],[-122.5814349324847,47.19906138462368],[-122.5813722509425,47.19907109799061],[-122.5813131292446,47.19907938561037],[-122.5812458936734,47.19909217128224],[-122.5811821031341,47.19909613166319],[-122.58112243295,47.19909388123024],[-122.5810525246781,47.1990889754686],[-122.5809867879193,47.19909480374413],[-122.5809185691732,47.19909407917457],[-122.5808602030962,47.19909918004091],[-122.5808015548774,47.1991002280328],[-122.5807402050509,47.19911064318285],[-122.5806752726767,47.19911876177079],[-122.5806171647939,47.19912647800125],[-122.5805663616688,47.19912173997746],[-122.5805032528859,47.19912900284604],[-122.5804407234466,47.19913209010992],[-122.5803740589819,47.19914125255851],[-122.5803177206162,47.1991535629999],[-122.5802717998465,47.19916149113205],[-122.5802240781864,47.19916848387722],[-122.5801864996292,47.19917483845477],[-122.5801497427917,47.19918279934473],[-122.5801140627428,47.19918996500775],[-122.580089513173,47.19919540351292],[-122.580057946783,47.19920149353671],[-122.5800273381723,47.19922426240711],[-122.5799927062188,47.19922842034608],[-122.5799690496076,47.19923368865845],[-122.5799359287828,47.19923287091146],[-122.57990797849,47.1992280835073],[-122.5798753051622,47.19922826387287],[-122.5798304260755,47.1992290397404],[-122.5797861304503,47.1992347201931],[-122.579751687706,47.19923239396589],[-122.5797196046815,47.19923310762835],[-122.5796857269461,47.19922713804988],[-122.5796480579705,47.1992261232954],[-122.579613221356,47.19923410237202],[-122.5795881509219,47.19923271485039],[-122.579553613228,47.1992287254981],[-122.5795098644274,47.19922193562734],[-122.5794683252724,47.19921582044903],[-122.5794345629962,47.19921446630669],[-122.5794014714363,47.19921859842484],[-122.5793675285057,47.19921591163059],[-122.5793313481472,47.19921616043887],[-122.5792941340339,47.19921699980924],[-122.5792476114612,47.19921964810504],[-122.5792087619077,47.19921638282878],[-122.5791746851811,47.19922263722788],[-122.5791388666184,47.19922263862691],[-122.5790949525254,47.19922105007264],[-122.5790548106868,47.19922203392814],[-122.5790175151593,47.19922186690238],[-122.5789719184628,47.19921755483535],[-122.5789355418873,47.19921656799909],[-122.5788684742636,47.19922049518191],[-122.5787922554964,47.19922459528087],[-122.5787142297295,47.19922028706129],[-122.5786232715866,47.19921843450602],[-122.5785523910646,47.1992126963602],[-122.5784677039922,47.19921387549741],[-122.57839165582,47.19921687933422],[-122.5783086482377,47.19921600805868],[-122.578238083678,47.1992165928629],[-122.5781527212527,47.19921634547438],[-122.5780603520203,47.19920970916704],[-122.5779950168458,47.19921027428182],[-122.5779205689085,47.19920546054954],[-122.5778334190358,47.19920883974258],[-122.5777565059445,47.19920426635065],[-122.5776789358792,47.19920313033951],[-122.5775988322741,47.19919969178582],[-122.5775342870202,47.19920552147898],[-122.5774627247015,47.19920050369816],[-122.5773880514332,47.19919689565909],[-122.5773209023671,47.19919196090376],[-122.5772472469534,47.19919089599161],[-122.5771816662393,47.19919285497216],[-122.5771060997323,47.19918836927834],[-122.5770415816186,47.19918710223566],[-122.5769592748772,47.19917952121838],[-122.576882111165,47.19917638447838],[-122.5768130545277,47.19917284781072],[-122.5767378959022,47.1991710841618],[-122.5766713715616,47.19916482165065],[-122.5766073722357,47.19916045810086],[-122.5765361973124,47.19915192026019],[-122.5764659494641,47.19915124672794],[-122.5763982621476,47.19914559864589],[-122.5763232653023,47.19913424023136],[-122.5762465263017,47.19912550944926],[-122.5761789716652,47.19911657095562],[-122.5761090938691,47.1990997978171],[-122.5760460423779,47.1990813790985],[-122.5759724486475,47.19905369775047],[-122.5759281355482,47.19902251680605],[-122.5758937976797,47.19899258538081],[-122.5758407703214,47.1989668228677],[-122.5758008791373,47.19894097521313],[-122.5757693013358,47.19892641498569],[-122.5757584199979,47.19891470229551],[-122.575766429675,47.19891956664362],[-122.5757664357899,47.19892387303238],[-122.5757716197623,47.1989254709324],[-122.5757716197623,47.1989254709324],[-122.5757716197623,47.1989254709324],[-122.5757716197623,47.1989254709324],[-122.5757716197623,47.1989254709324],[-122.5757716197623,47.1989254709324],[-122.5757716197623,47.1989254709324],[-122.5757716197623,47.1989254709324],[-122.5757716197623,47.1989254709324],[-122.5757716197623,47.1989254709324],[-122.5757716197623,47.1989254709324],[-122.5757716197623,47.1989254709324],[-122.5757716197623,47.1989254709324],[-122.5757716197623,47.1989254709324],[-122.5757716197623,47.1989254709324],[-122.5757716197623,47.1989254709324],[-122.5757716197623,47.1989254709324],[-122.5757716197623,47.1989254709324],[-122.5757716197623,47.1989254709324],[-122.5757716197623,47.1989254709324],[-122.5757716197623,47.1989254709324],[-122.5757716197623,47.1989254709324],[-122.5757716197623,47.1989254709324],[-122.5757716197623,47.1989254709324],[-122.5757716197623,47.1989254709324],[-122.5757716197623,47.1989254709324],[-122.5757716197623,47.1989254709324],[-122.5757716197623,47.1989254709324],[-122.5757716197623,47.1989254709324],[-122.5757716197623,47.1989254709324],[-122.5757716197623,47.1989254709324],[-122.5757716197623,47.1989254709324],[-122.5757716197623,47.1989254709324],[-122.5757716197623,47.1989254709324],[-122.5757716197623,47.1989254709324],[-122.5757716197623,47.1989254709324],[-122.5757716197623,47.1989254709324],[-122.5757689546749,47.19892214806926],[-122.5757689546749,47.19892214806926],[-122.5757689546749,47.19892214806926],[-122.5757692113315,47.19891822810313],[-122.5757692113315,47.19891822810313],[-122.5757692113315,47.19891822810313],[-122.5757692113315,47.19891822810313],[-122.5757692113315,47.19891822810313],[-122.5757692113315,47.19891822810313],[-122.5757692113315,47.19891822810313],[-122.5757692113315,47.19891822810313],[-122.5757692113315,47.19891822810313],[-122.5757692113315,47.19891822810313],[-122.5757692113315,47.19891822810313],[-122.5757692113315,47.19891822810313],[-122.5757991239279,47.19891668458408],[-122.5758005191584,47.19891782874926],[-122.5758009163506,47.19891803660219],[-122.5758009163506,47.19891803660219],[-122.5758009163506,47.19891803660219],[-122.5758009163506,47.19891803660219],[-122.5758009163506,47.19891803660219],[-122.5758009163506,47.19891803660219],[-122.5758009163506,47.19891803660219],[-122.5758009163506,47.19891803660219],[-122.5758009163506,47.19891803660219],[-122.575804580892,47.19891417628392],[-122.5757952129412,47.19891081143562],[-122.5757883978055,47.19890888643129],[-122.5757883978055,47.19890888643129],[-122.5757790231871,47.19891164241549],[-122.5757737343962,47.19890865334084],[-122.5757543183669,47.1988964758803],[-122.5757491511801,47.19889199536807],[-122.575760131907,47.1988949907213],[-122.5757632102931,47.19889550844698],[-122.5757520206831,47.19888955861334],[-122.5757244717635,47.19886953872753],[-122.5756863192722,47.19885436453766],[-122.5756527595973,47.1988349263225],[-122.5756222403616,47.1988201824412],[-122.575599721985,47.19880531427548],[-122.5755859048302,47.19879664514371],[-122.5755839390235,47.19879634233337],[-122.5755935534832,47.19879886819943],[-122.5755941775173,47.19879755446696],[-122.5755910714285,47.19879324928481],[-122.5755964768908,47.19880052986606],[-122.5755964254253,47.1988015764892],[-122.5755926563112,47.198802150765],[-122.5755917960531,47.19880346356739],[-122.5755926701462,47.19880468573314],[-122.5755929560858,47.19880459894418],[-122.5755929560858,47.19880459894418],[-122.5755929560858,47.19880459894418],[-122.5756011395362,47.19880709248768],[-122.575604597716,47.1988038305862],[-122.5756048159851,47.19880388666636],[-122.5756048159851,47.19880388666636],[-122.5756048159851,47.19880388666636],[-122.5756048159851,47.19880388666636],[-122.5756048159851,47.19880388666636],[-122.5756048159851,47.19880388666636],[-122.5756048159851,47.19880388666636],[-122.5756048159851,47.19880388666636],[-122.5756048159851,47.19880388666636],[-122.5755977547745,47.19878625542862],[-122.575587067421,47.19877911143178],[-122.5755589914882,47.19876176786926],[-122.5755201120884,47.1987377430214],[-122.5754793463903,47.19871530779686],[-122.5754342331668,47.19869053131304],[-122.5753948269806,47.19867110848688],[-122.575364592487,47.1986562788905],[-122.5753480293726,47.19864598209858],[-122.5753381978332,47.19863951598699],[-122.5753396759706,47.1986394721803],[-122.5753461046676,47.19864275670099],[-122.5753461046676,47.19864275670099],[-122.5753461046676,47.19864275670099],[-122.5753461046676,47.19864275670099],[-122.5753461046676,47.19864275670099],[-122.5753461046676,47.19864275670099],[-122.5753461046676,47.19864275670099],[-122.5753461046676,47.19864275670099],[-122.5753461046676,47.19864275670099],[-122.5753461046676,47.19864275670099],[-122.5753461046676,47.19864275670099],[-122.575359884201,47.19863514996076],[-122.5753446034599,47.19862899655403],[-122.5753200098677,47.19861554329286],[-122.5752852340497,47.19859864028646],[-122.5752479028261,47.19857759826846],[-122.5752207785808,47.19856118214152],[-122.5751990677458,47.19854951476206],[-122.5751828014127,47.19854686361688],[-122.5751790973876,47.19854957396863],[-122.5751811509048,47.19854810835537],[-122.5751817309391,47.19854935329704],[-122.5751777427826,47.19855468863852],[-122.5751774860071,47.19855501516214],[-122.5751774860071,47.19855501516214],[-122.5751774860071,47.19855501516214],[-122.5751774860071,47.19855501516214],[-122.5751774860071,47.19855501516214],[-122.5751737001874,47.19856478594867],[-122.5751729148727,47.1985640841438],[-122.5751447274773,47.1985550142838],[-122.5751105978816,47.19854863416019],[-122.5750610556495,47.19854384616708],[-122.5749951110073,47.19854598668998],[-122.5749154222291,47.19855209600386],[-122.574830836843,47.19856594407675],[-122.5747622226786,47.19857294539746],[-122.5746768774898,47.19857842584113],[-122.5745999056535,47.19858650833077],[-122.5745218646734,47.19859448969127],[-122.5744464805685,47.19860291105746],[-122.5743789415889,47.19861624127255],[-122.5742969388729,47.19863226054768],[-122.5742220677819,47.19863815456032],[-122.5741468834052,47.19864163622665],[-122.5740698347523,47.19865011294616],[-122.5739970344008,47.19865927738353],[-122.573925576115,47.19866767821161],[-122.5738467079191,47.19867307919779],[-122.5738467079191,47.19867307919779],[-122.573773216083,47.19868415900769],[-122.5736966135386,47.19869682983195],[-122.5736385834166,47.19871947116285],[-122.5735695825136,47.19874077300511],[-122.5735040308368,47.19876982488657],[-122.5734563334056,47.19880902905939],[-122.5734353262726,47.19886092040341],[-122.5734480340461,47.19890394400101],[-122.5734822587844,47.19895363584462],[-122.5735301639283,47.19898721949605],[-122.5735979595092,47.19901765290312],[-122.5736654430886,47.19904612647775],[-122.573739204143,47.19908511821863],[-122.5737903895543,47.19912323456149],[-122.5738531155804,47.19916028840933],[-122.5739113234236,47.19919732415283],[-122.5739724088258,47.19923290092415],[-122.5740316809834,47.19926887699129],[-122.5740899544838,47.19931053295225],[-122.5741392577765,47.19934416393033],[-122.5742029436514,47.19937849803862],[-122.5742541351545,47.19941585846441],[-122.5743037407027,47.19945096891609],[-122.5743489127704,47.19947357081784],[-122.5743978329281,47.19950081310881],[-122.5744537915974,47.19952813278164],[-122.5745060613939,47.19955613135238],[-122.5745641612741,47.19958347442935],[-122.5746397650767,47.19959161931881],[-122.5747221883903,47.19957353992805],[-122.5748085099337,47.19955486379064],[-122.5748870605425,47.19953227015019],[-122.5749716754104,47.19952322777639],[-122.5750534740956,47.19951159110398],[-122.5751267604457,47.19949359998226],[-122.5752205409712,47.19947498470249],[-122.5753126104366,47.19945871133157],[-122.575402889849,47.19944398589473],[-122.5754768054172,47.1994201112274],[-122.5755588745531,47.19939710869825],[-122.5756325339662,47.19938068075397],[-122.575716189507,47.19935736782081],[-122.5757659514622,47.19934634759142],[-122.5758323657907,47.19932840401492],[-122.5759002333465,47.1993105272031],[-122.575964481834,47.19929599053179],[-122.5760287231563,47.19928479833037],[-122.576092556515,47.19927670621627],[-122.5761522641167,47.19927039653803],[-122.5762086831814,47.19926514399916],[-122.5762604439126,47.19925926340655],[-122.5763049267038,47.19925634400624],[-122.5763565066687,47.19925409760585],[-122.5763896399284,47.19925683433458],[-122.57641268145,47.19926371011888],[-122.5764273615156,47.19926524982384],[-122.5764623903818,47.19926561982565],[-122.5765096150881,47.19926835437809],[-122.5765657248097,47.19927075224275],[-122.5766187614856,47.19927328767557],[-122.5766746123601,47.19927925082393],[-122.5767305805306,47.19928782186854],[-122.5767818420285,47.1992986375137],[-122.5768429908397,47.19930960865857],[-122.5769037233524,47.19932398223684],[-122.5769672034783,47.19933203430936],[-122.5770323707785,47.19935228536438],[-122.577106353215,47.19937250884657],[-122.5771691320311,47.19936925244359],[-122.5772452501761,47.19938458225732],[-122.5773251384677,47.19939863332333],[-122.577405059611,47.19941595808683],[-122.5774766851561,47.19942919233039],[-122.5775496372479,47.1994432946914],[-122.577620642294,47.19945753127158],[-122.577689042874,47.19947019035934],[-122.5777622238291,47.1994865431587],[-122.5778370508702,47.19949652762109],[-122.5779126409916,47.19950795949142],[-122.5779911674663,47.19951789435708],[-122.5780706466957,47.19952947670683],[-122.5781484719216,47.19954143789549],[-122.5782256867501,47.19955337094068],[-122.5783008554577,47.1995611860612],[-122.5783785445462,47.19957507310267],[-122.5784533375922,47.19958591205855],[-122.5785284464133,47.19959449543931],[-122.5786030681273,47.19959773451382],[-122.5786765782674,47.19960389624201],[-122.5787528062478,47.19960802486202],[-122.5788313954036,47.19961230869981],[-122.5789057378751,47.19961543797144],[-122.5789755338515,47.19961405513722],[-122.5790427511963,47.19961140768731],[-122.5791144176048,47.19961447813104],[-122.5791788573923,47.19961529681853],[-122.5792446828232,47.19961584507108],[-122.5793016375554,47.1996135864306],[-122.5793567819402,47.19961249336867],[-122.5794106092302,47.1996112734857],[-122.579451709199,47.1996117472297],[-122.5794929625762,47.19960317140871],[-122.5795396716674,47.19958887857003],[-122.5795850961967,47.19958353731732],[-122.5796327214075,47.19958472426944],[-122.5796765915507,47.19958792176128],[-122.5797207092541,47.19959161807214],[-122.5797644572569,47.19959960434113],[-122.5798036075243,47.19960559982007],[-122.5798441233049,47.19961159006743],[-122.579886701886,47.19961276413944],[-122.5799341818142,47.19960545063866],[-122.5799873092879,47.19960472838456],[-122.5800399983962,47.19960722501143],[-122.5800975098853,47.19960992440992],[-122.5801534055563,47.19960927160987],[-122.5802127759474,47.19961122537687],[-122.5802738140417,47.19960433513715],[-122.5803269075553,47.1996029564231],[-122.580383102362,47.19960224722707],[-122.5804406043404,47.19959582363046],[-122.5804920674808,47.19960099133986],[-122.580546555911,47.19959607151414],[-122.5806057279319,47.1996025372203],[-122.5806588335064,47.19959637744461],[-122.5807175532276,47.19959920221028],[-122.5807700792424,47.19959764896648],[-122.5808135735367,47.19959666525716],[-122.5808621138574,47.19959461066937],[-122.5809081903605,47.19959938967438],[-122.5809411743513,47.1995966986908],[-122.5809761506178,47.19959759305785],[-122.5810168211293,47.19959701697214],[-122.581062400177,47.19959635266692],[-122.5811163077211,47.19959634106824],[-122.5811727598694,47.19959258179085],[-122.5812323649628,47.19959088929933],[-122.581287489314,47.19959314095151],[-122.581338917376,47.19959370609764],[-122.581388211218,47.19959291924793],[-122.5814433355939,47.19959651860501],[-122.5814944405898,47.1995937898102],[-122.5815396727839,47.19959060922042],[-122.5815911250334,47.19958888680151],[-122.581643613931,47.19959272156319],[-122.5817055211621,47.19959630521588],[-122.5817652388476,47.19959866362526],[-122.5818228769282,47.19960146586932],[-122.5818806138681,47.1996013287384],[-122.5819352533987,47.1995926191119],[-122.5819882472603,47.19957523067819],[-122.5820211948936,47.19954573456847],[-122.5820429765666,47.1995019324709],[-122.5820406574242,47.19945816525414],[-122.5820422374455,47.19941244747898],[-122.5820343173064,47.19936903096315],[-122.5820344615582,47.19932058026574],[-122.5820327173827,47.19926937767745],[-122.5820247804551,47.19923734992891],[-122.5820240797586,47.19919465264604],[-122.5820247368054,47.19916861707961],[-122.5820220563618,47.19914819305063],[-122.5820197988547,47.19913858396963],[-122.5820161546491,47.19913239470797],[-122.5820140785,47.19913158714684],[-122.5820123334747,47.19913222545981],[-122.5820124745311,47.19913192189043],[-122.5820124745311,47.19913192189043],[-122.5820124745311,47.19913192189043],[-122.5820124745311,47.19913192189043],[-122.5820161270108,47.19913057123262],[-122.5820146073072,47.19912982847627],[-122.5820156343393,47.1991294057257],[-122.5820150872051,47.19912827102628],[-122.5820150872051,47.19912827102628],[-122.5820143596754,47.19912776380979],[-122.582013797633,47.19912828049159],[-122.582013797633,47.19912828049159],[-122.582013797633,47.19912828049159],[-122.5820125987494,47.19912454263545],[-122.5820133603428,47.19912394172776],[-122.5820115725622,47.199113029212],[-122.5820055745943,47.19908714117679],[-122.5819955433123,47.19904363578934],[-122.5819893042444,47.19899439040906],[-122.5819877625893,47.19894571179444],[-122.5819889131454,47.19889838820205],[-122.5819847959123,47.19885802548381],[-122.581969999036,47.19881813815539],[-122.5819439664424,47.19878320230575],[-122.5818944225459,47.19875595904645],[-122.5818330858988,47.1987440103448],[-122.5817643949104,47.19874285519273],[-122.5816927533654,47.19875183114772],[-122.5816086590331,47.19875864831323],[-122.5815238212603,47.1987707226475],[-122.581439450077,47.1987760913477],[-122.5813609197086,47.19878230811452],[-122.5812825029512,47.19878924205843],[-122.5812042550369,47.1987954395279],[-122.5811282283996,47.19879634045373],[-122.5810544248112,47.19880434957149],[-122.5809768672157,47.19881151597785],[-122.5809019272214,47.19881939781359],[-122.5808249875985,47.19882475086274],[-122.5807499144306,47.19882880329866],[-122.580673052651,47.19883008186187],[-122.5805975252287,47.19883396487037],[-122.5805281868156,47.19883686806562],[-122.5804649667591,47.1988384833088],[-122.5804135137826,47.19883674727786],[-122.5803607787444,47.19884211543539],[-122.5803095470712,47.19884653763346],[-122.5802528845158,47.19885088104467],[-122.5801910740116,47.19885053449212],[-122.5801301929976,47.19884788462331],[-122.5800649292035,47.19884937159323],[-122.5800075904074,47.198854231768],[-122.5799462305485,47.19886313212626],[-122.5798928890623,47.19887180191942],[-122.5798396281777,47.19887926974737],[-122.579783443662,47.19888523600534],[-122.5797259849511,47.19888839568645],[-122.5796676245028,47.19889640695654],[-122.5796067182668,47.19889754248689],[-122.579545057108,47.1989004535899],[-122.5794857338711,47.19890446057863],[-122.5794262041187,47.19890622463389],[-122.5793681050995,47.19890889865807],[-122.5793129420871,47.19891144700789],[-122.5792531029127,47.19891503115029],[-122.5791969685857,47.19892106258374],[-122.5791467815623,47.19892471389284],[-122.5790861816873,47.19892241666323],[-122.5790257225524,47.19892637535059],[-122.5789628095412,47.19893796007191],[-122.5788928697029,47.19894482377214],[-122.5788133931181,47.19894248382765],[-122.5787303447873,47.1989529932444],[-122.5786502130971,47.19896193492981],[-122.5785661160456,47.1989660540313],[-122.5784857648807,47.19897296148179],[-122.5784082736506,47.19897835573057],[-122.578331429391,47.19898456866524],[-122.5782533867091,47.19898898357786],[-122.5781815689055,47.19899369478773],[-122.5781010554082,47.19899922994662],[-122.5780207624155,47.19900545062223],[-122.5779505737715,47.19901147733916],[-122.5778774917009,47.19901474020378],[-122.5777993275481,47.19902203629042],[-122.5777205359823,47.19902807419172],[-122.5776412450936,47.19903238156742],[-122.5775588412042,47.19903730228761],[-122.5774805817964,47.19904436592577],[-122.5774152593434,47.19904832188729],[-122.5773465002889,47.19905311414605],[-122.5772846878692,47.1990569041853],[-122.5772120782785,47.19906048045964],[-122.5771542964904,47.19906396116848],[-122.5770744269815,47.19906254494543],[-122.5770034273296,47.19906062086866],[-122.5769354071646,47.19906548794594],[-122.5768659119213,47.19906520986945],[-122.5767870553064,47.1990626844704],[-122.5767188703417,47.19906153819616],[-122.5766447945788,47.19906654103966],[-122.576572888479,47.19907400974191],[-122.5765083869981,47.19908266879098],[-122.5764330168421,47.19908812769276],[-122.5763649346169,47.19908522788596],[-122.5762954334526,47.19908473556721],[-122.576220901348,47.19908369313221],[-122.5761528885487,47.19906892818867],[-122.5760763184649,47.19905719521434],[-122.5760112761343,47.19903567999519],[-122.5759518963154,47.19900786672613],[-122.5758869770833,47.19897152211658],[-122.5758339441988,47.19893628137225],[-122.5757820829657,47.19889928770755],[-122.5757303319862,47.19886492059064],[-122.5756767897313,47.19882522394784],[-122.5756337031201,47.19879667670616],[-122.575606899906,47.19878116270395],[-122.5756030360129,47.19877788200851],[-122.5756010337874,47.19877959338688],[-122.5756066475151,47.19878155414448],[-122.5756066475151,47.19878155414448],[-122.5756066475151,47.19878155414448],[-122.5756066475151,47.19878155414448],[-122.5756066475151,47.19878155414448],[-122.5756066475151,47.19878155414448],[-122.5756066475151,47.19878155414448],[-122.5756066475151,47.19878155414448],[-122.5756066475151,47.19878155414448],[-122.5756068146617,47.19877348725481],[-122.5756045770941,47.1987737018723],[-122.5756047688468,47.19877344890815],[-122.5755974980508,47.19877425053107],[-122.5755931433684,47.19877270496198],[-122.5755917404399,47.19877600199747],[-122.5755906504838,47.19877596559167],[-122.5755906504838,47.19877596559167],[-122.575592692092,47.19877230423739],[-122.5755925780597,47.19877230210997],[-122.5755960773584,47.19877057804459],[-122.575597713328,47.19876678422541],[-122.5755977223008,47.19876631247656],[-122.5755977223008,47.19876631247656],[-122.5755977223008,47.19876631247656],[-122.5755977223008,47.19876631247656],[-122.5755977223008,47.19876631247656],[-122.5755977223008,47.19876631247656],[-122.5755977223008,47.19876631247656],[-122.5755977223008,47.19876631247656],[-122.5755977223008,47.19876631247656],[-122.5755977223008,47.19876631247656],[-122.5755977223008,47.19876631247656],[-122.5755977223008,47.19876631247656],[-122.5755977223008,47.19876631247656],[-122.5755977223008,47.19876631247656],[-122.5755977223008,47.19876631247656],[-122.5755977223008,47.19876631247656],[-122.5755977223008,47.19876631247656],[-122.5755977223008,47.19876631247656],[-122.5755977223008,47.19876631247656],[-122.5756141999087,47.19877512971485],[-122.575615897339,47.19877689534523],[-122.5756179984687,47.19877609760444],[-122.5756181486992,47.19877620923642],[-122.5756181486992,47.19877620923642],[-122.5756181486992,47.19877620923642],[-122.5756181486992,47.19877620923642],[-122.5756181486992,47.19877620923642],[-122.5756181486992,47.19877620923642],[-122.5756181486992,47.19877620923642],[-122.5756181486992,47.19877620923642],[-122.5756181486992,47.19877620923642],[-122.5756181486992,47.19877620923642],[-122.5756181486992,47.19877620923642],[-122.5756181486992,47.19877620923642],[-122.5756181486992,47.19877620923642],[-122.5756181486992,47.19877620923642],[-122.5756181486992,47.19877620923642],[-122.5756181486992,47.19877620923642],[-122.5756181486992,47.19877620923642],[-122.5756181486992,47.19877620923642],[-122.5756181486992,47.19877620923642],[-122.5756181486992,47.19877620923642],[-122.5756181486992,47.19877620923642],[-122.5756181486992,47.19877620923642],[-122.5756181486992,47.19877620923642],[-122.5756181486992,47.19877620923642],[-122.5756181486992,47.19877620923642],[-122.5756181486992,47.19877620923642],[-122.5756181486992,47.19877620923642],[-122.5756436755099,47.19873879463637],[-122.5756460203418,47.19873987059019],[-122.5756437923859,47.19874233346188],[-122.5756438092434,47.19874226216634],[-122.5756438092434,47.19874226216634],[-122.5756438092434,47.19874226216634],[-122.5756438092434,47.19874226216634],[-122.5756438092434,47.19874226216634],[-122.5756438092434,47.19874226216634],[-122.5756254701439,47.19875146679435],[-122.5756265704401,47.1987558551214],[-122.5756275739676,47.19875611158059],[-122.5756248999728,47.19875904028952],[-122.5756246436444,47.19875909303433],[-122.5756246436444,47.19875909303433],[-122.5756246436444,47.19875909303433],[-122.5756246436444,47.19875909303433],[-122.5756246436444,47.19875909303433],[-122.5756246436444,47.19875909303433],[-122.5756246436444,47.19875909303433],[-122.5756246436444,47.19875909303433],[-122.5756246436444,47.19875909303433],[-122.5756246436444,47.19875909303433],[-122.5756246436444,47.19875909303433],[-122.5756246436444,47.19875909303433],[-122.5756246436444,47.19875909303433],[-122.5756246436444,47.19875909303433],[-122.5756246436444,47.19875909303433],[-122.5756246436444,47.19875909303433],[-122.5756246436444,47.19875909303433],[-122.5756246436444,47.19875909303433],[-122.5756246436444,47.19875909303433],[-122.5756246436444,47.19875909303433],[-122.5756246436444,47.19875909303433],[-122.5756246436444,47.19875909303433],[-122.5756246436444,47.19875909303433],[-122.5756246436444,47.19875909303433],[-122.5756246436444,47.19875909303433],[-122.5756246436444,47.19875909303433],[-122.5756246436444,47.19875909303433],[-122.5756246436444,47.19875909303433],[-122.5756246436444,47.19875909303433],[-122.5756246436444,47.19875909303433],[-122.5756246436444,47.19875909303433],[-122.5756246436444,47.19875909303433],[-122.5756246436444,47.19875909303433],[-122.5756246436444,47.19875909303433],[-122.5756246436444,47.19875909303433],[-122.5756246436444,47.19875909303433],[-122.5756246436444,47.19875909303433],[-122.5756246436444,47.19875909303433],[-122.5756246436444,47.19875909303433],[-122.5756246436444,47.19875909303433],[-122.5756246436444,47.19875909303433],[-122.5756246436444,47.19875909303433],[-122.5756246436444,47.19875909303433],[-122.5755993642,47.19878539410106],[-122.5755992597593,47.19878537313554],[-122.5755992597593,47.19878537313554],[-122.5755992597593,47.19878537313554],[-122.5755992597593,47.19878537313554],[-122.5755992597593,47.19878537313554],[-122.5755992597593,47.19878537313554],[-122.5755992597593,47.19878537313554],[-122.5755992597593,47.19878537313554],[-122.5755992597593,47.19878537313554],[-122.5755992597593,47.19878537313554],[-122.5755992597593,47.19878537313554],[-122.5755992597593,47.19878537313554],[-122.5755992597593,47.19878537313554],[-122.5755992597593,47.19878537313554],[-122.5755992597593,47.19878537313554],[-122.5755992597593,47.19878537313554],[-122.5755992597593,47.19878537313554],[-122.5755992597593,47.19878537313554],[-122.5755992597593,47.19878537313554],[-122.5755992597593,47.19878537313554],[-122.5755992597593,47.19878537313554],[-122.5755992597593,47.19878537313554],[-122.5755992597593,47.19878537313554],[-122.5755992597593,47.19878537313554],[-122.5755992597593,47.19878537313554],[-122.5755992597593,47.19878537313554],[-122.5755992597593,47.19878537313554],[-122.5755992597593,47.19878537313554],[-122.5755992597593,47.19878537313554],[-122.5755992597593,47.19878537313554],[-122.5755992597593,47.19878537313554],[-122.5755992597593,47.19878537313554],[-122.5755992597593,47.19878537313554],[-122.5755992597593,47.19878537313554],[-122.5755992597593,47.19878537313554],[-122.5756027138959,47.19878270238665],[-122.575605819464,47.19877915272042],[-122.5756060584853,47.19877893050521],[-122.5756060584853,47.19877893050521],[-122.5756082620854,47.19877892739765],[-122.5756060294679,47.19878114272066],[-122.5756061635313,47.19878133474241],[-122.5756061635313,47.19878133474241],[-122.5756061635313,47.19878133474241],[-122.5756061635313,47.19878133474241],[-122.5756061635313,47.19878133474241],[-122.5756061635313,47.19878133474241],[-122.5756061635313,47.19878133474241],[-122.5756061635313,47.19878133474241],[-122.5756061635313,47.19878133474241],[-122.5756061635313,47.19878133474241],[-122.5756533725624,47.19877692407531],[-122.5756599694074,47.19877416798979],[-122.5756541492808,47.19877501265387],[-122.5756505824374,47.19877502120033],[-122.575648363768,47.19877469014975],[-122.5756446204752,47.19877462485855],[-122.5756244863888,47.19876445716604],[-122.5755898540309,47.19874761092117],[-122.5755475466783,47.19872272628366],[-122.5755023407284,47.19870067849239],[-122.5754573918692,47.19867795119252],[-122.575407867855,47.19865667068881],[-122.5753643719524,47.19863229174838],[-122.5753198480915,47.198605794806],[-122.5752738173227,47.19858230824384],[-122.5752305949886,47.19855919074707],[-122.5751877465553,47.19853669354867],[-122.5751479452568,47.19851541992367],[-122.5751117632027,47.19849403891104],[-122.5750790937507,47.19847360282048],[-122.5750402659508,47.19845400402023],[-122.5749980851366,47.19843921686169],[-122.5749654126315,47.19842605439761],[-122.574937100051,47.19840907519743],[-122.5749123783246,47.19839488348954],[-122.574886047677,47.19837937974507],[-122.5748640364298,47.19836693464227],[-122.5748347524172,47.19835229372286],[-122.5748097992623,47.19833947699654],[-122.5747875349561,47.19832760472617],[-122.574768532942,47.19831527949302],[-122.5747489630418,47.19830410765399],[-122.5747239492588,47.1982954626453],[-122.5747025371269,47.19828394257608],[-122.5746902418813,47.19827541242138],[-122.5746802808227,47.1982722735409],[-122.5746814383574,47.19827585476018],[-122.574677436746,47.19827626867585],[-122.5746579477069,47.19826520358252],[-122.5746397994679,47.19825734204516],[-122.5746295011136,47.19825092579182],[-122.5746197450521,47.19824465761977],[-122.5746210754643,47.19824517161677],[-122.5746241645028,47.1982462015486],[-122.5746245636378,47.19824618084979],[-122.5746245636378,47.19824618084979],[-122.5746245636378,47.19824618084979],[-122.5746245636378,47.19824618084979],[-122.5746245636378,47.19824618084979],[-122.5746245636378,47.19824618084979],[-122.5746245636378,47.19824618084979],[-122.5746245636378,47.19824618084979],[-122.5746245636378,47.19824618084979],[-122.5746245636378,47.19824618084979],[-122.5746245636378,47.19824618084979],[-122.5746245636378,47.19824618084979],[-122.5746245636378,47.19824618084979],[-122.5746245636378,47.19824618084979],[-122.5746245636378,47.19824618084979],[-122.5746245636378,47.19824618084979],[-122.5746410403504,47.19825321687428],[-122.5746426856813,47.19825306166497],[-122.5746426734858,47.19825302705149],[-122.5746426734858,47.19825302705149],[-122.5746426734858,47.19825302705149],[-122.5746396768846,47.19825183524826],[-122.5746397317285,47.19825183800594],[-122.5746397317285,47.19825183800594],[-122.5746385234412,47.19824905419962],[-122.5746369248947,47.19824988502374],[-122.5746360769933,47.19825015727424],[-122.5746360769933,47.19825015727424],[-122.5746360769933,47.19825015727424],[-122.5746360769933,47.19825015727424],[-122.5746360769933,47.19825015727424],[-122.5746360769933,47.19825015727424],[-122.5746360769933,47.19825015727424],[-122.5746360769933,47.19825015727424],[-122.5746360769933,47.19825015727424],[-122.5746360769933,47.19825015727424],[-122.5746360769933,47.19825015727424],[-122.5746360769933,47.19825015727424],[-122.5746360769933,47.19825015727424],[-122.5746360769933,47.19825015727424],[-122.5746360769933,47.19825015727424],[-122.5746360769933,47.19825015727424],[-122.5746360769933,47.19825015727424],[-122.5746360769933,47.19825015727424],[-122.5746360769933,47.19825015727424],[-122.5746360769933,47.19825015727424],[-122.5746586704059,47.19824197920202],[-122.5746585080328,47.19824190393546],[-122.5746590188098,47.19824083214857],[-122.5746573130445,47.1982405180136],[-122.5746526266357,47.19824062592949],[-122.5746404663906,47.19823417777565],[-122.5746312089147,47.19822488021951],[-122.5746169365319,47.19821821759457],[-122.574597764322,47.19820998242627],[-122.5745722381119,47.1981956893601],[-122.5745400610673,47.1981827946585],[-122.5744943678141,47.19815620403966],[-122.5744500225619,47.19812214303065],[-122.5743917686163,47.1980895585503],[-122.5743260112726,47.19805714947454],[-122.57426447401,47.1980305540638],[-122.5742003109994,47.19800475371152],[-122.574126945088,47.19798323751456],[-122.57404854984,47.19796230812933],[-122.5739675754366,47.19794219644727],[-122.5738770664041,47.19792157244866],[-122.5738011072934,47.19791990678906],[-122.5737310891456,47.19792373312238],[-122.573672934457,47.19792978761087],[-122.5736030704031,47.19794570430194],[-122.5735424999963,47.19796542544185],[-122.5734735052493,47.19798775065657],[-122.5734031540562,47.19800622313819],[-122.5733383507298,47.19802431926843],[-122.5732695335629,47.19803664958854],[-122.5732035129271,47.19806033949558],[-122.5731353731818,47.19807940980552],[-122.5730653815071,47.19810716170458],[-122.5730005690218,47.19813341178692],[-122.5729324808345,47.1981619964761],[-122.5728594605461,47.19818325015148],[-122.5727929870331,47.19820759606572],[-122.5727382299122,47.19823178122051],[-122.5726861686261,47.19826297666858],[-122.5726484491727,47.19830749017198],[-122.5726321951166,47.19835351247754],[-122.5726237902613,47.19840373417232],[-122.5726446063793,47.19844357690483],[-122.5726840207587,47.19847493284545],[-122.5727348378345,47.19850214686614],[-122.5727877091567,47.19853038702304],[-122.5728389964629,47.19855448876501],[-122.5728815612937,47.19858849026897],[-122.5729456612852,47.19861890466862],[-122.5730041728765,47.19865558719877],[-122.5730689264548,47.19869522375548],[-122.5731310411634,47.19872898866623],[-122.5731941612273,47.19876432203178],[-122.5732529848146,47.19880229018358],[-122.5733106631743,47.19883591479311],[-122.5733753983803,47.19886983216114],[-122.5734271090496,47.19890949496884],[-122.5734847395132,47.19894232503492],[-122.5735430694702,47.19897362324241],[-122.5735998768087,47.19900672800422],[-122.5736590623878,47.19904318614718],[-122.5737117555607,47.19907773729544],[-122.5737676664443,47.19911361295321],[-122.5738300540764,47.19914694591722],[-122.573886222399,47.1991848383016],[-122.5739467297589,47.19922535855365],[-122.574010985329,47.19926407747155],[-122.5740696328394,47.19930513912525],[-122.5741327616969,47.19934536497715],[-122.5741940826529,47.19938203711386],[-122.574231166071,47.19942103577701],[-122.5742922037319,47.19944678816006],[-122.5743345419142,47.19947382218686],[-122.5743843540629,47.19950543208766],[-122.574440628918,47.19953494193696],[-122.5745035771329,47.19956510395063],[-122.5745823648284,47.19958793940184],[-122.5746685265256,47.19959724707657],[-122.574759067801,47.19957935627185],[-122.5748500584243,47.19956377190478],[-122.5749354125987,47.19954949578327],[-122.5750171220964,47.19953709421179],[-122.5751040780669,47.19952268686988],[-122.575192500287,47.19950867396564],[-122.5752829143856,47.19948727693401],[-122.5753669650037,47.19946896441625],[-122.5754463155959,47.19945037187185],[-122.5755305091521,47.1994311662617],[-122.5756028416269,47.19941168298494],[-122.5756737731563,47.19939370375302],[-122.575741733122,47.19937377788254],[-122.5758073333393,47.19935379126503],[-122.5758728012599,47.19933896475358],[-122.5759389516818,47.19932864473252],[-122.5760105433518,47.19932114419998],[-122.576086814493,47.19932144689378],[-122.5761785386327,47.19932899245057],[-122.5762643952155,47.19933311197236],[-122.5763477461315,47.19933225948213],[-122.5764399762895,47.19933788425881],[-122.5765198666009,47.19933437522631],[-122.5765980667201,47.19935253083105],[-122.5766710131178,47.19936843555179],[-122.5767320697248,47.19937031407272],[-122.5767995922014,47.1993780802702],[-122.5768637163056,47.19938549637823],[-122.5769258029937,47.19939847143339],[-122.5769972478021,47.19941669770517],[-122.5770799726775,47.1994332138476],[-122.5771639057489,47.19945428052358],[-122.57723685658,47.1994722343098],[-122.5773056657756,47.19948504317346],[-122.5773697811797,47.19949836399594],[-122.5774391592726,47.19950665893862],[-122.5775105344294,47.19951719145618],[-122.5775858117529,47.19953142718118],[-122.5776535173473,47.1995442110143],[-122.5777273646675,47.19955603403539],[-122.5778075896905,47.19956851282293],[-122.5778861191267,47.19958006359462],[-122.5779600527408,47.1995920681101],[-122.5780392273582,47.19960006297313],[-122.5781172299375,47.19960774140265],[-122.5781969471556,47.19961538938725],[-122.5782722494357,47.19961855195133],[-122.5783485457355,47.19962177796381],[-122.5784182348618,47.19962889684403],[-122.578488572418,47.19963605466],[-122.5785604263863,47.19964667007895],[-122.5786389601568,47.1996548625134],[-122.5787138576923,47.19965889983221],[-122.5787879517526,47.19966409664491],[-122.5788631345106,47.19966430490289],[-122.578937354807,47.1996656427783],[-122.5790051346428,47.19966794800497],[-122.5790635995203,47.19966865923841],[-122.5791252763447,47.1996673701393],[-122.5791863103621,47.19966791403465],[-122.5792466450219,47.19966686821894],[-122.5792995502222,47.19966785042894],[-122.5793537535952,47.19966806579112],[-122.5793895164433,47.19966823114218],[-122.5794085531208,47.19966616439938],[-122.5794188663163,47.19966227823009],[-122.5794374222882,47.19966350394156],[-122.5794505536257,47.19965926269862],[-122.579469369462,47.19965995549202],[-122.5794978759942,47.19965877399049],[-122.5795288344402,47.19965611180839],[-122.5795603809574,47.19965203105245],[-122.5795907473915,47.19964645839476],[-122.5796166687669,47.19964315494764],[-122.5796402157209,47.19963854633576],[-122.5796790426048,47.19963530214151],[-122.5797127096078,47.19963689476843],[-122.5797525895004,47.19964422840381],[-122.5797785192416,47.19965228101447],[-122.5797997603557,47.19967388265162],[-122.5798199001346,47.19970397655932],[-122.5798352772495,47.19973205726795],[-122.5798290362173,47.19977032760382],[-122.5798236142078,47.19981126193489],[-122.5798155462503,47.19985386418648],[-122.5798181334475,47.19989634804904],[-122.5798218191876,47.1999273021158],[-122.5798291414355,47.19996473274676],[-122.5798323546532,47.20000400956152],[-122.5798335658423,47.20003832986514],[-122.5798400932721,47.20007455862091],[-122.5798511747178,47.20011433931225],[-122.5798477031994,47.20015580317602],[-122.5798489360209,47.2001991995032],[-122.5798560228067,47.20023496239658],[-122.5798550392506,47.20027327920464],[-122.5798547426499,47.20030991549941],[-122.5798599349803,47.20034613613294],[-122.5798653083261,47.20037754152132],[-122.5798599687142,47.20041410276069],[-122.579857442456,47.20045206963268],[-122.5798577504382,47.20049105621631],[-122.5798504913971,47.20051746401845],[-122.5798460390705,47.2005303610736],[-122.5798364518825,47.20053392181702],[-122.5798183734022,47.20054507398707],[-122.579805235604,47.20054846268494],[-122.5797940188736,47.20054538842191],[-122.5797935759309,47.20053880781839],[-122.5797953516062,47.20053715478674],[-122.5797946926558,47.20053645041108],[-122.5797944137331,47.20053651083962],[-122.5797964722755,47.20053398608891],[-122.5797964722755,47.20053398608891],[-122.5797964722755,47.20053398608891],[-122.5797964722755,47.20053398608891],[-122.5797964722755,47.20053398608891],[-122.5797965960289,47.20052811541505],[-122.5797964938212,47.2005281687013],[-122.5797964938212,47.2005281687013],[-122.5797964938212,47.2005281687013],[-122.5797964938212,47.2005281687013],[-122.5797985607043,47.20052384017831],[-122.5797982876943,47.20052385135019],[-122.5797982876943,47.20052385135019],[-122.5797982876943,47.20052385135019],[-122.5797982876943,47.20052385135019],[-122.5798002527187,47.20052238893583],[-122.5797839908184,47.2005259054735],[-122.5797491396741,47.20053310117176],[-122.5797063795111,47.20053611951504],[-122.5796483952562,47.20054014523984],[-122.5795947513772,47.20054358596284],[-122.5795494955117,47.2005469353639],[-122.5795052991409,47.20054620872281],[-122.5794585382277,47.20054823630063],[-122.5794056125928,47.20054994892786],[-122.5793494031988,47.2005455874038],[-122.5792985876314,47.20054236510811],[-122.579249662333,47.20054209361579],[-122.5792049172442,47.20054229898376],[-122.579165377205,47.20054637200383],[-122.5791267578939,47.2005457567783],[-122.5790895177174,47.20055151152776],[-122.5790521168208,47.20055761541673],[-122.5790102038984,47.20056782202665],[-122.5789637511412,47.20057199012975],[-122.5789198550859,47.20058429755446],[-122.5788835087662,47.20060149349003],[-122.5788520606617,47.20061733561216],[-122.5788410869985,47.20062345650005],[-122.5788187217888,47.20064713236318],[-122.5788109749134,47.20065805431874],[-122.5787853608079,47.20067615704351],[-122.5787605469117,47.20069132507719],[-122.5787339345392,47.20070738223122],[-122.5787065078244,47.20072886434561],[-122.5786757995064,47.2007486133308],[-122.5786492555568,47.20076881059534],[-122.5786182469341,47.20078924549405],[-122.5785905349642,47.20080986974552],[-122.5785614380396,47.20083030691956],[-122.5785326628206,47.20084960132996],[-122.578506944724,47.20086813839692],[-122.5784847420209,47.20088549886582],[-122.5784659110772,47.20089806646235],[-122.5784620922415,47.20090317582917],[-122.5784666099038,47.20090193139238],[-122.5784551986683,47.20091135573773],[-122.5784314001033,47.20092806251382],[-122.5784065678102,47.20094454258559],[-122.5783790883401,47.20095933069972],[-122.5783451759409,47.20097366960123],[-122.5783043045332,47.20098565963342],[-122.5782630575633,47.20099575581596],[-122.5782160418867,47.20100432905926],[-122.5781764927457,47.20101677784299],[-122.5781315481995,47.20102505639345],[-122.5781005776132,47.20103216379048],[-122.5780880665358,47.20103211397069],[-122.5780977139612,47.20102830178293],[-122.5780973862585,47.20102298369684],[-122.5780950383325,47.20102183157906],[-122.5780926877183,47.20102152153734],[-122.5780926877183,47.20102152153734],[-122.5780926877183,47.20102152153734],[-122.5780926877183,47.20102152153734],[-122.5780926877183,47.20102152153734],[-122.5780926877183,47.20102152153734],[-122.5780926877183,47.20102152153734],[-122.5780862176756,47.20102419329199],[-122.5780862176756,47.20102419329199],[-122.5780862176756,47.20102419329199],[-122.5780862176756,47.20102419329199],[-122.5780854646075,47.20102402857016],[-122.5780850842994,47.20102322608552],[-122.5780850842994,47.20102322608552],[-122.5780873039447,47.20102551677101],[-122.5780879293301,47.20102717032859],[-122.5780850407809,47.20102481402299],[-122.5780828124501,47.20102285848071],[-122.5780828124501,47.20102285848071],[-122.5780760919889,47.20102131208137],[-122.5780764194837,47.20102315339706],[-122.5780760109302,47.20102072385403],[-122.5780720887233,47.20101868721325],[-122.5780695263399,47.20101704495247],[-122.5780418650266,47.20102209418249],[-122.5780071518666,47.20102967015094],[-122.577953600644,47.20104028701478],[-122.5778838718653,47.20104279575494],[-122.5778204230541,47.2010359712939],[-122.5777569293757,47.20101980681152],[-122.5777006772896,47.20100217003866],[-122.5776415052772,47.20098644912205],[-122.5775977881163,47.20098335486153],[-122.5775456729723,47.20098242681409],[-122.5775115617745,47.20098598266033],[-122.5774678008736,47.2009802982455],[-122.5774327396461,47.20097409784653],[-122.5773878027477,47.20097004508311],[-122.5773431523532,47.20096801706735],[-122.5772977806731,47.2009651350381],[-122.5772438752178,47.2009740554554],[-122.5771943396595,47.20099094351102],[-122.577191344485,47.20100265754469],[-122.5771698834917,47.20102332107344],[-122.5771609180267,47.2010443767912],[-122.5771650642416,47.20106715410828],[-122.5771595508102,47.20108520204985],[-122.5771862248447,47.20110902194368],[-122.5771971452281,47.20113929298945],[-122.577209244597,47.20116907230619],[-122.5772392291786,47.20119167173747],[-122.5772665668559,47.20121826752479],[-122.577296207137,47.20124455895435],[-122.5773753103774,47.20129968517229],[-122.5774451516778,47.20135272098514],[-122.5775211661769,47.20139013825867],[-122.5776044425052,47.20143293444871],[-122.5776785128644,47.2014697317781],[-122.5777598189255,47.20149037231171],[-122.5778382564668,47.20151214780409],[-122.5778642431173,47.20151635601774],[-122.5779553826673,47.20153459432967],[-122.5779801601432,47.20155152064467],[-122.5780745710878,47.20156742374585],[-122.5781700740173,47.20158343272991],[-122.5782621439086,47.20159557815698],[-122.5783458891998,47.20160547606185],[-122.5784236691231,47.20162072794076],[-122.5785103480377,47.20163628873011],[-122.5785927516988,47.20165426030682],[-122.5786686555358,47.20167348096958],[-122.5787399588675,47.20169627894047],[-122.5787399588675,47.20169627894047],[-122.5788053158268,47.20171733242374],[-122.5788793777989,47.20173725444827],[-122.5789521522609,47.20175870791082],[-122.5790315909091,47.20177512002726],[-122.5791039710308,47.20179136217396],[-122.5791819450354,47.20179855885139],[-122.5792654639596,47.20181148380033],[-122.5793451629551,47.20181992499194],[-122.5794294285849,47.20183200753197],[-122.5795134325012,47.20184485218239],[-122.579594328696,47.20185290944566],[-122.579671960697,47.20186282931963],[-122.5797400289275,47.20186974688175],[-122.5798276025091,47.20189056483535],[-122.579895077059,47.20191229403009],[-122.5799663404599,47.20192742191424],[-122.5800429643092,47.20194568599923],[-122.5801173055603,47.20196407917883],[-122.5801915453173,47.20198333373649],[-122.5802702293135,47.20199313034354],[-122.5803545423378,47.20199267567009],[-122.5804286234905,47.20199273928292],[-122.5804904359006,47.20199545333295],[-122.580524853267,47.20200000794564],[-122.5805710007061,47.20199903289269],[-122.5805960051383,47.20199006914824],[-122.5806415819607,47.20197399538149],[-122.5806783789551,47.20196797670324],[-122.580709648095,47.20196800583809],[-122.5807188410341,47.20196677226384],[-122.5807046849837,47.20196500345019],[-122.5806983567521,47.20196302201539],[-122.580690914592,47.20195811651689],[-122.580693337526,47.20195670820815],[-122.580698047971,47.20195870524412],[-122.5806974030622,47.20195928136246],[-122.5807023515321,47.20195224153689],[-122.5807023241834,47.20195653628151],[-122.5807023765995,47.20195645696272],[-122.5807023765995,47.20195645696272],[-122.5807023765995,47.20195645696272],[-122.5807023765995,47.20195645696272],[-122.5807023765995,47.20195645696272],[-122.5807023765995,47.20195645696272],[-122.5807078274433,47.20196934957345],[-122.5807064872674,47.20197202249295],[-122.5806993025281,47.2019737191696],[-122.5806840014929,47.20197647161109],[-122.5806713961497,47.20197946609893],[-122.5806670916204,47.20197952478169],[-122.5806662507473,47.20197812692869],[-122.5806658131611,47.20197813348352],[-122.5806658131611,47.20197813348352],[-122.5806658131611,47.20197813348352],[-122.5806658131611,47.20197813348352],[-122.5806658131611,47.20197813348352],[-122.5806658131611,47.20197813348352],[-122.5806658131611,47.20197813348352],[-122.5806658131611,47.20197813348352],[-122.5806658131611,47.20197813348352],[-122.5806658131611,47.20197813348352],[-122.5806658131611,47.20197813348352],[-122.5806658131611,47.20197813348352],[-122.5806658131611,47.20197813348352],[-122.5806658131611,47.20197813348352],[-122.5806658131611,47.20197813348352],[-122.5806658131611,47.20197813348352],[-122.5806658131611,47.20197813348352],[-122.5806658131611,47.20197813348352],[-122.5806658131611,47.20197813348352],[-122.5806658131611,47.20197813348352],[-122.5806658131611,47.20197813348352],[-122.5806658131611,47.20197813348352],[-122.5806658131611,47.20197813348352],[-122.5806658131611,47.20197813348352],[-122.5806658131611,47.20197813348352],[-122.5806658131611,47.20197813348352],[-122.5806658131611,47.20197813348352],[-122.5806658131611,47.20197813348352],[-122.5806658131611,47.20197813348352],[-122.5806658131611,47.20197813348352],[-122.5806658131611,47.20197813348352],[-122.5806658131611,47.20197813348352],[-122.5806658131611,47.20197813348352],[-122.5806658131611,47.20197813348352],[-122.5806658131611,47.20197813348352],[-122.5806577606013,47.2019646836741],[-122.5806558816418,47.20195602886701],[-122.5806557288375,47.20195854993661],[-122.5806557288375,47.20195854993661],[-122.5806569686957,47.20195870547947],[-122.5806571428626,47.20195811626452],[-122.5806571428626,47.20195811626452],[-122.5806571428626,47.20195811626452],[-122.5806571428626,47.20195811626452],[-122.5806575947195,47.20196137215265],[-122.5806587803292,47.20196014965242],[-122.5806634168182,47.20196163045651],[-122.5806676848623,47.20195926470662],[-122.5806789124945,47.20195150054085],[-122.5806860483068,47.20194618237497],[-122.5806871529943,47.2019420346404],[-122.5806844270365,47.20194270326021],[-122.5806857254091,47.20194009728831],[-122.5806835843584,47.20193494505877],[-122.5806823608877,47.20193623360841],[-122.580681540817,47.20193830596885],[-122.5806834483896,47.20193811790166],[-122.5806975761801,47.20195008242449],[-122.5807455967478,47.20196697144063],[-122.5807880840581,47.2019619216126],[-122.5808318372739,47.20193871419121],[-122.5808747761776,47.20191365405054],[-122.5809222971599,47.20189843933841],[-122.580972238056,47.20188595528829],[-122.5810235608306,47.20187313744186],[-122.5810836680312,47.2018516651685],[-122.5811446658811,47.20182805235091],[-122.5811913045638,47.20180694066065],[-122.5812350016494,47.20178404349598],[-122.5812742257769,47.20175738117112],[-122.5812874580366,47.20172299266318],[-122.5812965257743,47.20167626715008],[-122.5813087992953,47.20162932066437],[-122.5813154874877,47.20158361697703],[-122.5813225413042,47.20153754438315],[-122.5813268067194,47.20148938616256],[-122.5812856147854,47.20146099798266],[-122.5812571273416,47.20142083243167],[-122.5812225170436,47.20138202250612],[-122.5811991501121,47.20133818574736],[-122.5811799865504,47.20128694192933],[-122.5811710350489,47.20122559042655],[-122.5811671338879,47.20117139029907],[-122.581162930481,47.20112303042869],[-122.5811556781291,47.20107808622882],[-122.5811538678949,47.20102732776964],[-122.5811363474213,47.20098706589695],[-122.5811253450743,47.20095054350412],[-122.5811190034699,47.20091355522735],[-122.5811145178413,47.20087969566306],[-122.5811069700537,47.20085065891097],[-122.5810994555739,47.20081605652696],[-122.5810880252585,47.20078440333942],[-122.5810809893346,47.20074466237026],[-122.581069243806,47.20070195317224],[-122.5810481736994,47.2006640585753],[-122.5810165659396,47.20063093648414],[-122.5809861264958,47.20059518303722],[-122.5809481137578,47.20056401238844],[-122.580911334622,47.20054277765852],[-122.5808723208801,47.20052688263434],[-122.5808300495865,47.20052524898234],[-122.580784277913,47.2005247055753],[-122.5807542380417,47.20052956854864],[-122.5807377187994,47.20054607632871],[-122.5807419689126,47.20055039405712],[-122.580745228287,47.2005511190442],[-122.5807473834344,47.20055617191807],[-122.5807482095141,47.20055730455179],[-122.5807426652645,47.20056133322285],[-122.5807414275228,47.20056218650564],[-122.5807338685106,47.20055040981649],[-122.5807265801788,47.2005402383793],[-122.5807241005513,47.20053006779737],[-122.5807244184787,47.20053407882491],[-122.5807257711323,47.2005385295394],[-122.5807264148567,47.20055331711688],[-122.580717879653,47.20056747292924],[-122.5807170106222,47.20057657164936],[-122.5806954184054,47.20058680378934],[-122.5806801881645,47.20059278151916],[-122.5806629360343,47.20059133641627],[-122.5806280071049,47.20059214760733],[-122.580601855132,47.20058835382147],[-122.5805682775185,47.20058443963418],[-122.580534379275,47.20058586997565],[-122.5804958374648,47.20058681806031],[-122.5804697336644,47.20058965571051],[-122.5804405231865,47.20058937712233],[-122.5804060349839,47.2005863926058],[-122.5803832324241,47.20058196448672],[-122.5803555562691,47.20057667906157],[-122.580324960803,47.20057336814482],[-122.5802841575307,47.20056575444539],[-122.5802418486787,47.2005609919915],[-122.5802124286791,47.20055646457928],[-122.5801805960156,47.20055179604415],[-122.5801492688475,47.20054270779334],[-122.5801149887461,47.20052485394031],[-122.5800872338747,47.20050411411538],[-122.5800628947001,47.20047748103411],[-122.5800415608174,47.2004487994033],[-122.58002338186,47.20041544262604],[-122.580023010722,47.20037960486689],[-122.5800105994607,47.20034331511617],[-122.5800045327058,47.20030125105842],[-122.5800011737966,47.20026081627734],[-122.5800036895054,47.20021638049107],[-122.5800055089427,47.20017861820713],[-122.5800082571389,47.20013928293469],[-122.5800078809945,47.20010094435446],[-122.580004051728,47.20006400153024],[-122.580000290394,47.20003064611348],[-122.5799940504274,47.20000339093286],[-122.579989368565,47.19997430182944],[-122.5799899139095,47.1999439526575],[-122.5799910548778,47.19992164479108],[-122.5800003261043,47.19990406881428],[-122.5800032427656,47.19989504374367],[-122.5800015651825,47.1998998810713],[-122.5800000491191,47.19990017420857],[-122.5799980541116,47.19990211835002],[-122.5799980541116,47.19990211835002],[-122.5799980541116,47.19990211835002],[-122.5799980541116,47.19990211835002],[-122.5799980541116,47.19990211835002],[-122.5799980541116,47.19990211835002],[-122.5799980541116,47.19990211835002],[-122.5799980541116,47.19990211835002],[-122.5799980541116,47.19990211835002],[-122.5799980541116,47.19990211835002],[-122.5800028858883,47.19991203108513],[-122.5800028858883,47.19991203108513],[-122.5800028858883,47.19991203108513],[-122.5800028858883,47.19991203108513],[-122.5800046752893,47.19990831587854],[-122.5800020188778,47.19990400139222],[-122.5800022421964,47.19990526888115],[-122.5800008071615,47.19990380437211],[-122.5800008071615,47.19990380437211],[-122.5799972587185,47.199905506798],[-122.580000985246,47.19990027517303],[-122.5800005879383,47.19988269395315],[-122.5799965155521,47.19986004595187],[-122.5799943131549,47.19983279891577],[-122.5799922127777,47.19981217954693],[-122.5799965421646,47.19978370094618],[-122.5799912863757,47.1997600160344],[-122.5799884604134,47.19973319653479],[-122.5799881589739,47.19970635436368],[-122.5799935669575,47.19967436142963],[-122.5800025735153,47.19964844276824],[-122.58002855284,47.19962364434966],[-122.58006537895,47.19960284693862],[-122.5801099153289,47.19959035849526],[-122.580157265544,47.19958525334426],[-122.5802016060974,47.19958080421576],[-122.5802499325579,47.19957572739583],[-122.5802951328692,47.19957426124677],[-122.5803474767683,47.19958113331207],[-122.5804010530029,47.19958423240537],[-122.5804574835797,47.19958305709032],[-122.5805187817182,47.19958639109633],[-122.5805800166223,47.19958877097026],[-122.5806361166231,47.19958990723519],[-122.580690972706,47.19959090951854],[-122.5807428600105,47.19958810971081],[-122.580796028742,47.19958737204532],[-122.5808431795805,47.19958561884127],[-122.5808918504477,47.19958879238405],[-122.580937859336,47.19959385374692],[-122.580955164969,47.19959554553522],[-122.5809581578128,47.19959661014948],[-122.580962061267,47.19959768445676],[-122.5809658226688,47.19959947538371],[-122.580967863852,47.19959955203762],[-122.5809668167384,47.19959961759705],[-122.5809669638959,47.19959914473569],[-122.5809669638959,47.19959914473569],[-122.580967862134,47.19960191111588],[-122.580967862134,47.19960191111588],[-122.580967862134,47.19960191111588],[-122.5809651492346,47.19960500588134],[-122.5809637705701,47.19960630314733],[-122.580964135098,47.19960786921332],[-122.5809671433268,47.19960621392769],[-122.5809681233284,47.19960608080486],[-122.5809662301418,47.19960679789402],[-122.580966590706,47.19960615030197],[-122.5809652026677,47.19960644825237],[-122.5809662803915,47.19960705133184],[-122.580966597437,47.19960667535958],[-122.580968270505,47.19960722902696],[-122.5809688810646,47.19960882013458],[-122.5809685680966,47.19960819371018],[-122.5809693128453,47.19960923587771],[-122.5809693128453,47.19960923587771],[-122.5809693128453,47.19960923587771],[-122.580970455693,47.19960912326029],[-122.5809722542559,47.19960936442335],[-122.5809723025859,47.19960949846059],[-122.5809723025859,47.19960949846059],[-122.5809723025859,47.19960949846059],[-122.5809723025859,47.19960949846059],[-122.5809723025859,47.19960949846059],[-122.5809723025859,47.19960949846059],[-122.5809723025859,47.19960949846059],[-122.5809723025859,47.19960949846059],[-122.5809756533585,47.19959901007633],[-122.5809761536653,47.199599164645],[-122.5809761536653,47.199599164645],[-122.5809761536653,47.199599164645],[-122.5809761536653,47.199599164645],[-122.5809761536653,47.199599164645],[-122.5809761536653,47.199599164645],[-122.5809761536653,47.199599164645],[-122.5809761536653,47.199599164645],[-122.5809788518199,47.19960705033608],[-122.5809788355807,47.19960748688454],[-122.5809797188877,47.19960384904638],[-122.5809800990025,47.19960375661448],[-122.5809797909838,47.19960394756066],[-122.5809817348856,47.19960423315286],[-122.5809826930347,47.19960430548979],[-122.5809829173833,47.19960425757002],[-122.580984002348,47.19960429547523],[-122.5809852152747,47.19960370099121],[-122.5809852152747,47.19960370099121],[-122.5809841143168,47.19960538365162],[-122.5809870460666,47.19960696824099],[-122.5809848400744,47.19960628835647],[-122.5810235901961,47.19960802659455],[-122.5810765551932,47.19960709739127],[-122.5811389228872,47.19960687822376],[-122.5812018316364,47.19960479280759],[-122.581264420699,47.19960528138956],[-122.5813296624672,47.19960851190234],[-122.5813900054777,47.19960833043817],[-122.5814530287679,47.19960638182645],[-122.5815127123242,47.19960511270174],[-122.5815748718499,47.19960267661401],[-122.5816300196833,47.19959757990749],[-122.5816876336742,47.19959979280016],[-122.5817499680295,47.19960279227116],[-122.5818108008748,47.19960652771563],[-122.5818648020401,47.19960726256902],[-122.5819212692338,47.19960760891081],[-122.5819738277311,47.19959516112761],[-122.5820180896059,47.19958073694204],[-122.582049171335,47.19954180906291],[-122.582061748143,47.19949681872116],[-122.5820528898834,47.19944823192949],[-122.582040667193,47.19940568151579],[-122.5820345146034,47.19936318867326],[-122.5820330422725,47.19931685557714],[-122.5820316126832,47.19927099285457],[-122.5820304915998,47.19922357297494],[-122.5820271250301,47.19916969710915],[-122.5820217109929,47.19911829880209],[-122.5820169610694,47.19906334828683],[-122.582008631294,47.19900694994669],[-122.5820006668784,47.19895328560936],[-122.5819990475991,47.1988941762019],[-122.5819864475097,47.19884534178431],[-122.5819596238484,47.19880180875677],[-122.581911274645,47.1987646353709],[-122.5818416524779,47.1987478296244],[-122.5817596882884,47.19874756140788],[-122.5816714386879,47.19875709672042],[-122.5815846141919,47.19876474683925],[-122.581499545652,47.19877084555476],[-122.5814228209253,47.1987761209214],[-122.5813484571237,47.19878268587038],[-122.581270241613,47.19879065920604],[-122.5811876731746,47.19879833016495],[-122.58111376764,47.19880381175007],[-122.5810408150042,47.19880968295247],[-122.5809654308674,47.19881426376803],[-122.5808814957133,47.19881873363324],[-122.5807984771192,47.19882400211816],[-122.580725316324,47.19882906171902],[-122.5806493674944,47.19883016455443],[-122.5805738157899,47.19883486157403],[-122.5805092014317,47.1988386035079],[-122.5804421935217,47.1988429381249],[-122.5803849216912,47.19884477355395],[-122.5803364007383,47.19885204780844],[-122.5802923357535,47.19885148290152],[-122.5802354632318,47.19885535927541],[-122.5801764423888,47.1988558537785],[-122.5801343800391,47.19885722146672],[-122.580078408105,47.19886033058927],[-122.580024546146,47.19886483753383],[-122.579976870434,47.19886847614649],[-122.5799245327061,47.19887752739886],[-122.5798633755912,47.19888307561221],[-122.5798103424223,47.19888886878559],[-122.57975570735,47.19889261065676],[-122.5796901404861,47.19889654339018],[-122.5796265663355,47.19890145518648],[-122.5795628638956,47.19890528569064],[-122.5795076735684,47.19890766071558],[-122.5794553158756,47.19890998221265],[-122.5794000595647,47.19891299646599],[-122.5793445289717,47.19891317890831],[-122.5792965668716,47.19891808376796],[-122.5792481347838,47.19892367605874],[-122.5791909784759,47.19892595621251],[-122.5791379482221,47.1989285194737],[-122.5790895230987,47.19893402149279],[-122.5790413571832,47.19894028956175],[-122.5789949173853,47.19894423229919],[-122.5789280846176,47.19894676716352],[-122.5788555833744,47.1989516902669],[-122.5787730637199,47.19895592758954],[-122.578689010016,47.19896235152108],[-122.5786075780966,47.1989693930599],[-122.578518408434,47.1989741928943],[-122.5784333613685,47.19897806883933],[-122.5783498725253,47.19898129289544],[-122.5782835578719,47.19898998803552],[-122.5782002877197,47.19899466483347],[-122.5781231352728,47.19900017082137],[-122.5780410896642,47.19900425995272],[-122.5779670835016,47.19900968576612],[-122.5778879750534,47.19901536558169],[-122.5778069411436,47.19901937909074],[-122.5777387504929,47.19902830841251],[-122.5776588307444,47.19903356700858],[-122.5775824576038,47.19904060643938],[-122.5775082658991,47.19904942250114],[-122.5774265318066,47.19905066038138],[-122.5773703606773,47.19905696749591],[-122.5773000816768,47.19905703967074],[-122.577226851622,47.19906118587806],[-122.577164031565,47.1990636296709],[-122.5770977068093,47.19906699832239],[-122.5770158353323,47.19906443481566],[-122.5769424780681,47.19907320256914],[-122.5768719450262,47.19907897222546],[-122.576788341396,47.19908603350853],[-122.5767111058078,47.19909040026201],[-122.5766291129813,47.19909139230082],[-122.5765546641561,47.19909333296252],[-122.5764747189052,47.19909222744621],[-122.5764013030447,47.19909189550644],[-122.576319239081,47.19907798129429],[-122.5762392192063,47.19908255435054],[-122.5761636586626,47.19907863391552],[-122.5760841277457,47.19905763976403],[-122.576018700501,47.19904266807703],[-122.5759479610374,47.19900774183596],[-122.5758901572456,47.19898000158141],[-122.5758320841194,47.19895182672897],[-122.5757659508583,47.19891773985709],[-122.5757069978529,47.19888130272619],[-122.5756436207304,47.19884655552261],[-122.5755818822557,47.19881020580804],[-122.5755234483943,47.19877947392882],[-122.5754643502802,47.19874755965171],[-122.5754087301479,47.19871763825582],[-122.5753539179576,47.19868316271248],[-122.5753001237541,47.19865321811056],[-122.5752455076858,47.198619951466],[-122.5751881682677,47.19858894880063],[-122.5751317448303,47.19855500180235],[-122.5750728065907,47.19852048811821],[-122.5750120929993,47.198485208705],[-122.5749545750007,47.19845096287604],[-122.574895813144,47.19841361260558],[-122.5748386310781,47.19838026430035],[-122.5747798398023,47.19834843677779],[-122.5747251845523,47.19832442072009],[-122.5746764315458,47.19829224181608],[-122.5746241260025,47.19825192084807],[-122.5745763919036,47.19821983213297],[-122.5745257034261,47.1981933456748],[-122.5745257034261,47.1981933456748],[-122.5744791400849,47.19816705386076],[-122.5744246568356,47.19813219347898],[-122.5743641638355,47.19810370936968],[-122.5742931598477,47.19806361991748],[-122.5742219245781,47.19803519523263],[-122.574153801329,47.19800263724814],[-122.5740733561817,47.19797886250845],[-122.5739987924207,47.19795798398331],[-122.5739200150703,47.19794313110527],[-122.573835738727,47.19792609197142],[-122.5737541838244,47.19792721844362],[-122.5736764816704,47.19792788316498],[-122.5736220614649,47.19795381158762],[-122.5735540033679,47.19796511708659],[-122.5734836502425,47.19798394384003],[-122.5734215686764,47.19800135111348],[-122.5733589389603,47.19802328979575],[-122.5733070466791,47.19804071939848],[-122.5732362166475,47.19805844777385],[-122.5731717820535,47.19808359536028],[-122.5731042894394,47.19810489432279],[-122.5730322661298,47.19812675078908],[-122.5729508734277,47.19815679507106],[-122.5728572264753,47.1981807686028],[-122.572782331153,47.19821322934545],[-122.5726922043676,47.1982432906296],[-122.5726567926679,47.19829131942321],[-122.5726317801328,47.19835558062287],[-122.572627124732,47.19842307758195],[-122.5726644998075,47.19846507793862],[-122.5727090855034,47.19850066615177],[-122.5727609099786,47.19853217583949],[-122.5728158575326,47.19857145574284],[-122.5728850149936,47.1985988371343],[-122.5729411897213,47.19863825684541],[-122.5730087631953,47.19867565643837],[-122.5730688140775,47.19870199733082],[-122.5731386573867,47.19873833937757],[-122.5732065202733,47.19877946733182],[-122.5732608441765,47.19881719541272],[-122.5733244268586,47.19885423585307],[-122.5733801102338,47.19888306912939],[-122.5734424205807,47.19891724036439],[-122.5734975242866,47.19894790898939],[-122.5735571471195,47.19898146572665],[-122.5736121783305,47.1990159595639],[-122.5736672902941,47.19905162372662],[-122.5737298898314,47.1990878943178],[-122.5737901336427,47.19912180612513],[-122.573851624906,47.19916432178174],[-122.5739114605121,47.19920390693218],[-122.5739698669881,47.1992426670398],[-122.5740307774351,47.19928490577384],[-122.5740917752476,47.19932292989409],[-122.5741524021966,47.19935978192164],[-122.574208120126,47.19940009800169],[-122.5742600835585,47.19943277745925],[-122.5743062148909,47.19946363198788],[-122.5743548913188,47.1994956866961],[-122.5744078662752,47.19952410676081],[-122.5744688761915,47.19955764305214],[-122.5745418688368,47.19958012266118],[-122.5746314871844,47.19959965331346],[-122.5747269963195,47.19959520755089],[-122.5748174505857,47.1995743725565],[-122.5749068412122,47.19955970912044],[-122.5749919802014,47.1995466746592],[-122.5750825895801,47.19953593031978],[-122.5751673209819,47.199521271073],[-122.5752625842804,47.19950168261327],[-122.5753561484392,47.19948236558924],[-122.5754426653671,47.19946222592027],[-122.5755244166286,47.19943906527005],[-122.5756001102812,47.19941955328643],[-122.5756809230443,47.19940246042069],[-122.5757532453741,47.19939000463832],[-122.5758240434354,47.19937793510605],[-122.575885247349,47.19936423277064],[-122.5759506164159,47.19935063267899],[-122.5760154399006,47.19933783191145],[-122.5760901027672,47.19932668761842],[-122.5761635205691,47.19932250295902],[-122.57625128473,47.19932549619687],[-122.576350375445,47.19933017093796],[-122.5764412491242,47.19933426054541],[-122.5765300161818,47.19934338350566],[-122.5766165351838,47.19935872531788],[-122.5766829783995,47.19937258135094],[-122.5767450705823,47.19938465251172],[-122.5768115344075,47.19939979577513],[-122.5768864621143,47.19941466004757],[-122.576958524792,47.19942873012852],[-122.5770311999533,47.19944613566629],[-122.5771026619094,47.19945910269237],[-122.5771869185003,47.19947963465903],[-122.5772599085466,47.1995001161781],[-122.5773269086195,47.19951479100244],[-122.5773923049426,47.19952724446174],[-122.5774550121585,47.19953858482353],[-122.5775250756471,47.19954657394709],[-122.577596867506,47.1995559202456],[-122.5776714159763,47.19957083402812],[-122.5777456186461,47.19958211448247],[-122.577820898821,47.19959437701836],[-122.5778994606707,47.1996058293964],[-122.5779783077715,47.19961927824011],[-122.5780578249323,47.19963027057636],[-122.5781394170192,47.19963855834158],[-122.5782182675223,47.19964672794828],[-122.5782911946899,47.19965278614361],[-122.5783615613723,47.19965421400533],[-122.5784345546403,47.19966503548192],[-122.578509857289,47.19967404982737],[-122.5785808104362,47.19968214651888],[-122.5786561970096,47.19968830698626],[-122.5787312596802,47.19968988843455],[-122.5788056450156,47.1996932528241],[-122.5788817782992,47.1996929496078],[-122.5789552617905,47.19969372307553],[-122.5790188782248,47.19969447211979],[-122.5790777370875,47.19969176326009],[-122.5791394992313,47.19968805344148],[-122.5791992671591,47.19968871252195],[-122.5792584110989,47.19968985570431],[-122.5793124937067,47.19968782355275],[-122.5793558300338,47.19968468365737],[-122.5793896029563,47.19968147165196],[-122.5794159661377,47.19967842006833],[-122.5794301366567,47.19967680255652],[-122.5794412485937,47.19967738333263],[-122.5794583080942,47.1996777433899],[-122.5794722768041,47.19967823149855],[-122.5794863411753,47.19967823037594],[-122.5795058249634,47.1996747873691],[-122.5795335228375,47.19966997012824],[-122.5795566873807,47.19966301417904],[-122.5795863625322,47.1996561782442],[-122.5796148568984,47.19965237537136],[-122.5796435680823,47.19964875450729],[-122.5796793212203,47.1996450629567],[-122.5797232746369,47.19964604754023],[-122.5797547350371,47.19966060822535],[-122.57978136881,47.19968093721561],[-122.5798047434295,47.19970347779542],[-122.5798184880815,47.199730775895],[-122.5798157832579,47.19976136171899],[-122.579812433682,47.19979539793412],[-122.5798216269648,47.1998266548317],[-122.5798145806487,47.19986533072787],[-122.5798152443532,47.1999075587588],[-122.5798158604593,47.19994853873963],[-122.5798198464114,47.19998390252772],[-122.5798175957657,47.20002048995357],[-122.5798236788385,47.20006674683643],[-122.5798313575125,47.20011698291802],[-122.5798299767862,47.20016592027054],[-122.5798319586221,47.2002180790487],[-122.5798412471686,47.20026547627835],[-122.5798431860037,47.20031058887124],[-122.5798472129552,47.20034996013474],[-122.5798478646126,47.20038886503128],[-122.5798494825372,47.20042620070938],[-122.5798530529275,47.2004657988317],[-122.5798410777426,47.20051016311952],[-122.5798186338345,47.20055119459742],[-122.5797766295847,47.20058079275242],[-122.579705147131,47.20059170599023],[-122.5796545735443,47.2005920673278],[-122.5795737095181,47.20059218298013],[-122.5795074767302,47.200590710177],[-122.5794290611396,47.20058197175034],[-122.5793605394969,47.20058223883744],[-122.5792935979855,47.20057507604013],[-122.5792276671903,47.20057397680313],[-122.5791631019068,47.20057353024726],[-122.5791094341031,47.20057940732514],[-122.5790595626749,47.20058286748703],[-122.5790146034568,47.20058542560663],[-122.5789734365113,47.20059061241678],[-122.5789369345285,47.20059920402293],[-122.5788940053146,47.20060719851951],[-122.5788624275362,47.20061977169216],[-122.578838149301,47.20062824292198],[-122.5788135553657,47.2006433267147],[-122.5787917796872,47.20065831904781],[-122.5787690034602,47.20066904310699],[-122.5787459732962,47.20068377090399],[-122.5787188007169,47.20069861487368],[-122.578701448357,47.20071248004147],[-122.5786867602655,47.20073049171799],[-122.5786687326179,47.20075117721981],[-122.5786507948005,47.20077060154831],[-122.5786288383468,47.20078422455054],[-122.5786069954505,47.20079889089852],[-122.5785837462793,47.20081672642385],[-122.5785569790709,47.20083473881227],[-122.5785313558577,47.20084827786562],[-122.5785101234508,47.20086404172753],[-122.5784867742914,47.20088001868748],[-122.5784700129455,47.20089389090444],[-122.5784523769239,47.20091003920535],[-122.5784340605422,47.20092523286555],[-122.5784161738621,47.2009393997352],[-122.5783931446008,47.2009543151799],[-122.5783700355088,47.20097084106571],[-122.5783510484863,47.20098441476872],[-122.5783267391926,47.20099631755378],[-122.5782998439952,47.20101084959031],[-122.5782671695998,47.2010246776553],[-122.5782364168139,47.20103764019321],[-122.5782072100019,47.20104724784733],[-122.5781797914002,47.20105987812473],[-122.5781413435383,47.20107009340514],[-122.5781010190493,47.20108265271162],[-122.5780604403601,47.2010818416959],[-122.5780382370371,47.20108445012833],[-122.5780270178956,47.20108326062567],[-122.5780261462203,47.20107981191492],[-122.5780291178576,47.20107800900645],[-122.5780284533917,47.20107778744202],[-122.5780258329586,47.20107413786632],[-122.57802394046,47.2010743524712],[-122.5780264955549,47.20107156531995],[-122.5780265261467,47.20107156882745],[-122.5780338903351,47.2010692501638],[-122.5780338903351,47.2010692501638],[-122.5780338903351,47.2010692501638],[-122.5780338903351,47.2010692501638],[-122.5780338903351,47.2010692501638],[-122.5780338903351,47.2010692501638],[-122.5780338903351,47.2010692501638],[-122.5780338903351,47.2010692501638],[-122.5780338903351,47.2010692501638],[-122.5780338903351,47.2010692501638],[-122.5780443321136,47.20106042205061],[-122.5780447398866,47.20106063201554],[-122.5780428575849,47.20105741293801],[-122.578042664701,47.20105741589693],[-122.578042664701,47.20105741589693],[-122.578042664701,47.20105741589693],[-122.578042664701,47.20105741589693],[-122.5780285196899,47.20105232650476],[-122.5780285196899,47.20105232650476],[-122.5780285196899,47.20105232650476],[-122.5780285196899,47.20105232650476],[-122.5780285196899,47.20105232650476],[-122.5780285196899,47.20105232650476],[-122.5780274487323,47.20105368302536],[-122.5780274487323,47.20105368302536],[-122.5780274487323,47.20105368302536],[-122.5780274487323,47.20105368302536],[-122.5780274487323,47.20105368302536],[-122.5780274487323,47.20105368302536],[-122.578012626111,47.20106428560436],[-122.5780126222454,47.20106397095034],[-122.5780124219716,47.20106535779173],[-122.5780124219716,47.20106535779173],[-122.5780133252607,47.20106796793662],[-122.5780106020347,47.20106672835237],[-122.5779830737513,47.20106720051711],[-122.5779370446996,47.20106561567658],[-122.5778819328911,47.20106185867628],[-122.5778241400006,47.20104974077135],[-122.5777692116379,47.20103187990107],[-122.5777176303364,47.20101601509983],[-122.5776647437204,47.20100456997822],[-122.5776124415815,47.2009942225415],[-122.5775672979312,47.20098829299052],[-122.5775174567332,47.20097818135401],[-122.5774721252505,47.20096959198096],[-122.5774244175983,47.20096239473372],[-122.5773803989661,47.20095996209313],[-122.5773352796018,47.20096347759439],[-122.5772826904692,47.20097421821576],[-122.5772197690552,47.20098397638623],[-122.5771717515564,47.20101687899854],[-122.5771380481099,47.20105127732941],[-122.5771112478414,47.20110015122487],[-122.5770836905282,47.20114192164294],[-122.5770741643191,47.20118333580934],[-122.5770896288844,47.20122336144534],[-122.57711935911,47.20127163460909],[-122.5771449850904,47.20131695432539],[-122.5771802380958,47.20136232178394],[-122.5772207859367,47.20141247303589],[-122.5772660699613,47.20146087457084],[-122.5773198681042,47.2015010132363],[-122.5773832835236,47.20153702607671],[-122.5774412983057,47.2015675544903],[-122.5775097592604,47.20158678674309],[-122.5775770904953,47.20160413824881],[-122.5776487756775,47.20162571755169],[-122.5777234614324,47.20163976736247],[-122.5778003865397,47.20165427466058],[-122.5778770236334,47.20166138979613],[-122.577948941071,47.20166809768965],[-122.5780218342392,47.20167734378855],[-122.5780943525344,47.20167781277431],[-122.5781642886314,47.20167650901248],[-122.5782429930771,47.20167182854039],[-122.5783225005797,47.20167373055305],[-122.578400287386,47.2016736009968],[-122.5784847286961,47.20167771181811],[-122.5785522084939,47.20168702252644],[-122.5786400908735,47.20170132415675],[-122.5787135848298,47.20171602558098],[-122.5787135848298,47.20171602558098],[-122.5787847164981,47.2017277035786],[-122.5788557546139,47.20174367308795],[-122.5789222417411,47.20175605727506],[-122.5789828808694,47.20177390161837],[-122.5790484623298,47.2017846555131],[-122.5791080694567,47.20179539656792],[-122.5791618317845,47.20180374138854],[-122.579218421101,47.20180188067634],[-122.5792684396311,47.20180758333515],[-122.5793238996325,47.20181674282745],[-122.5793803204728,47.20182107090105],[-122.5794361361786,47.2018270553735],[-122.5794899097226,47.20184109907365],[-122.5795393038097,47.20184369521464],[-122.5795907907315,47.20184532761539],[-122.5796725302576,47.2018502007319],[-122.5797393292765,47.20186220964612],[-122.5798088984735,47.20187624285374],[-122.5798846508634,47.201894555904],[-122.5799549581511,47.20190987403692],[-122.5800305527328,47.20192979302919],[-122.5800969420054,47.2019577239982],[-122.5801729125634,47.20196761662151],[-122.5802396297855,47.20198197224384],[-122.5803105853016,47.20198588833357],[-122.5803819639132,47.20198181084204],[-122.5804465140204,47.20197759807746],[-122.5805076043451,47.20196728481245],[-122.5805823372468,47.20196473193796],[-122.5806599194341,47.20195460661461],[-122.580746186242,47.20194377090489],[-122.5808137284255,47.20192230305282],[-122.5808849027887,47.20190015560983],[-122.5809435748557,47.20188653579157],[-122.5810082176972,47.20186770687125],[-122.5810657067771,47.2018473219623],[-122.5811193881156,47.20182610458662],[-122.581175786226,47.20181333974634],[-122.5812282989862,47.20179165707219],[-122.5812643656362,47.2017594362873],[-122.5812941472914,47.20170991966517],[-122.5813162730764,47.20166308511632],[-122.5813298230639,47.20161323596652],[-122.5813432209378,47.20156358586991],[-122.5813468771268,47.20151363557654],[-122.5813297393766,47.20146827928719],[-122.5812961098872,47.20142878206108],[-122.5812592321137,47.20138498342984],[-122.5812322634175,47.20133524955047],[-122.5812198043845,47.20127796605237],[-122.5812123038658,47.20121351496585],[-122.5812043503054,47.20114978487961],[-122.5811940623733,47.20109401943971],[-122.5811853506544,47.20104319592207],[-122.5811738735977,47.20099736046366],[-122.5811602772842,47.20095207696255],[-122.58115173715,47.20091315955968],[-122.5811382079607,47.20088278812232],[-122.5811278514884,47.20085385985257],[-122.5811246246852,47.20082920297385],[-122.58111731975,47.20080073152442],[-122.5811087713559,47.20077169027687],[-122.5810998607376,47.20074647112563],[-122.5810917723339,47.2007183990564],[-122.5810825488812,47.2006984542618],[-122.5810711809894,47.20067305299382],[-122.58104939568,47.2006444701729],[-122.5810274227609,47.20060713987188],[-122.5809816139645,47.20056700407767],[-122.5809382726948,47.20052938188436],[-122.5808804801396,47.20051207562971],[-122.5808320568738,47.20050629337344],[-122.5807850086997,47.20050742526411],[-122.5807525032542,47.20051539871386],[-122.5807232502034,47.20051720665764],[-122.580691834666,47.20052316070122],[-122.5806634818682,47.20052970133528],[-122.5806380789498,47.20053351764515],[-122.5806093514301,47.20053264710823],[-122.5805671527432,47.20053373064476],[-122.5805332269817,47.20053603479752],[-122.5805071877635,47.20053886807512],[-122.5804713091753,47.20054245762143],[-122.5804395988091,47.20054174634303],[-122.5804104264365,47.20054096219275],[-122.580377553151,47.2005410885164],[-122.5803427947807,47.20053722025906],[-122.5803089751889,47.20053157446778],[-122.5802752926514,47.20052465616766],[-122.5802412700942,47.20051550504937],[-122.5802093144133,47.20050706385765],[-122.580183775669,47.20049778547649],[-122.5801641820569,47.20048277669636],[-122.5801389175176,47.20047565038648],[-122.5801190949145,47.2004609789691],[-122.5801061881336,47.20044614045062],[-122.5800924648322,47.2004264973874],[-122.5800817419749,47.20040622238522],[-122.5800724052528,47.20037921210036],[-122.5800636604106,47.20035495191939],[-122.5800598546987,47.20032070507114],[-122.5800577516999,47.20027520749856],[-122.5800523369324,47.20022741186651],[-122.5800489019362,47.20018314488345],[-122.5800488737041,47.20014062865223],[-122.5800505036952,47.2001407294258],[-122.5800483743098,47.20011534370666],[-122.580041682468,47.20009264560818],[-122.5800346267841,47.20007152379053],[-122.5800298995024,47.2000431435888],[-122.5800296240437,47.20001738185427],[-122.5800330948497,47.19995255270227],[-122.5800315311995,47.19992726058143],[-122.5800253272947,47.19990715993963],[-122.5800263332964,47.19988073408039],[-122.5800325263617,47.19985115229046],[-122.5800399704193,47.19982489127737],[-122.5800470033532,47.19979491434301],[-122.5800687557822,47.19977135665301],[-122.5800947359099,47.19975192318991],[-122.5801253260885,47.1997368948167],[-122.580177964013,47.19971375759573],[-122.5802338019373,47.1997002774762],[-122.5802326515407,47.19969964239747],[-122.580276423779,47.19969240217651],[-122.5802963986035,47.19968887766042],[-122.5803484730418,47.19968301759794],[-122.5804043161265,47.19967761511641],[-122.5804585531327,47.19967219756285],[-122.5805176131538,47.19966643324454],[-122.5805756926044,47.19966155167177],[-122.5806341458359,47.19965659114744],[-122.5806933726211,47.19965332808953],[-122.5807564559864,47.19964898238241],[-122.5808192692142,47.1996457098489],[-122.5808798290641,47.19964506607309],[-122.5809389478791,47.19964393660573],[-122.5809959058466,47.19964087165972],[-122.5810592478505,47.19963830613371],[-122.5811239639296,47.19963182265181],[-122.5812032962737,47.19962696776707],[-122.5812878665747,47.19962415766263],[-122.5813692630447,47.19962314863819],[-122.581459251349,47.19962216674288],[-122.5815542752637,47.19962424844978],[-122.5816376558094,47.19961995898238],[-122.5817197823955,47.19962146213999],[-122.5818040604735,47.19961931966448],[-122.5818900135905,47.19962239352929],[-122.5819620959141,47.19961409526357],[-122.5820211054342,47.19958496429471],[-122.582059108899,47.19954743009225],[-122.5820782966242,47.19949331800282],[-122.582077151367,47.19943988682628],[-122.5820607070899,47.19938719476662],[-122.5820508481428,47.19932956355952],[-122.582047453831,47.1992745251045],[-122.5820385576166,47.19922273752569],[-122.5820374404067,47.1991672333781],[-122.5820370149373,47.19911277665936],[-122.5820402401012,47.19905295548116],[-122.5820349735431,47.19899689437726],[-122.5820306483005,47.19894592619703],[-122.5820154321275,47.19889779526198],[-122.5819956485208,47.19885141734013],[-122.5819577559776,47.19880353569515],[-122.5818997702874,47.19876603043792],[-122.5818179548136,47.19873474506503],[-122.5817305606136,47.19873780050379],[-122.5816526978302,47.19874242375798],[-122.5815892186889,47.198759405632],[-122.5814990923458,47.19876702028691],[-122.5814185085968,47.19876735107213],[-122.5813407680813,47.19877522958442],[-122.5812655494333,47.19878086751515],[-122.5811836914296,47.19878461510253],[-122.5811021834668,47.19878793050841],[-122.5810208450844,47.19879707359774],[-122.5809342361317,47.19880017846432],[-122.5808613633435,47.19881162277364],[-122.5807857940827,47.19881352879629],[-122.5807103541888,47.19881831996197],[-122.5806254610066,47.19882327545071],[-122.5805452713736,47.19882584424585],[-122.5804819180075,47.19883274469971],[-122.5804266376304,47.1988365155819],[-122.5803717454366,47.19883709813216],[-122.5803183746383,47.19884414063129],[-122.5802628222015,47.19885179985107],[-122.5802092665982,47.19886020206078],[-122.5801479117307,47.19886903850741],[-122.580087425396,47.19887387226635],[-122.5800263184619,47.1988768091497],[-122.5799711914209,47.19887820413131],[-122.5799159788141,47.19888608698451],[-122.5798551455903,47.19888969134522],[-122.579800755869,47.19889446472579],[-122.5797395047255,47.19889757395727],[-122.5796794430914,47.19890299669807],[-122.5796199040771,47.19890940189025],[-122.5795611938683,47.19891143556449],[-122.5794984103935,47.1989117144221],[-122.5794491170485,47.19890934215835],[-122.5793987514975,47.19890959639378],[-122.5793523333381,47.19891398200149],[-122.5793111766748,47.19892175262674],[-122.5792649249479,47.19892431104475],[-122.5792293279726,47.19893168109491],[-122.5791883501462,47.19893545761978],[-122.5791454614948,47.19893644219675],[-122.5790964954719,47.19893805731946],[-122.5790545853604,47.1989394731386],[-122.5790025433327,47.19894103631455],[-122.5789419528663,47.19894519274682],[-122.5788715598377,47.19895133093231],[-122.5787923381521,47.19895644086507],[-122.578707071373,47.19896138571809],[-122.5786230248056,47.1989656234748],[-122.5785433021653,47.19897013669839],[-122.5784630965364,47.19897149380058],[-122.5783888022228,47.198972730592],[-122.5783113913671,47.19897236400188],[-122.578242017558,47.19898501155321],[-122.5781680282885,47.19899038406023],[-122.5780964774151,47.19899898400889],[-122.5780203033858,47.19900567696502],[-122.5779512401285,47.19901068887162],[-122.5778876516492,47.19901349219246],[-122.5778291638241,47.19901765094158],[-122.5777769979255,47.19901848567427],[-122.5777233987742,47.1990236361371],[-122.5776658758559,47.19902655600414],[-122.5776099925696,47.19902664394662],[-122.5775446559995,47.19902993847205],[-122.5774867352422,47.19903593757748],[-122.5774255762228,47.19904122825982],[-122.5773614634423,47.1990481571379],[-122.5772995700768,47.19904911335934],[-122.5772344408742,47.19905270731098],[-122.5771731754449,47.19906046363999],[-122.577104365483,47.19906614141539],[-122.5770239013138,47.19907130225685],[-122.5769354455947,47.19908096454817],[-122.5768584367846,47.19908843366992],[-122.5767755224043,47.19908689312661],[-122.5766968463506,47.19909099415401],[-122.5766238752391,47.19909722459083],[-122.5765520167483,47.19910547920515],[-122.5764936316021,47.19910937015749],[-122.5764394209585,47.19911309137873],[-122.5763980995272,47.19911295547193],[-122.5763588613616,47.19911175722036],[-122.576317731035,47.19912211715937],[-122.5762697785501,47.19911794493388],[-122.5762384965824,47.19911158688146],[-122.5762157824612,47.19911435152437],[-122.5762143494542,47.19910838803525],[-122.5762238629585,47.19910971339591],[-122.576223984569,47.19910972445101],[-122.576223984569,47.19910972445101],[-122.576223984569,47.19910972445101],[-122.576223984569,47.19910972445101],[-122.576223984569,47.19910972445101],[-122.576223984569,47.19910972445101],[-122.576223984569,47.19910972445101],[-122.576223984569,47.19910972445101],[-122.576223984569,47.19910972445101],[-122.576223984569,47.19910972445101],[-122.576223984569,47.19910972445101],[-122.576223984569,47.19910972445101],[-122.576223984569,47.19910972445101],[-122.576223984569,47.19910972445101],[-122.576223984569,47.19910972445101],[-122.576223984569,47.19910972445101],[-122.576223984569,47.19910972445101],[-122.576223984569,47.19910972445101],[-122.5762367555652,47.19912437421349],[-122.5762362002127,47.19912262197797],[-122.5762360721921,47.19911100116037],[-122.5762406361651,47.19910395155458],[-122.5762332925844,47.19910422805348],[-122.5762326371212,47.19910449268671],[-122.5762302921489,47.1991048801564],[-122.5762264353999,47.19910496900269],[-122.5762247059971,47.19910494994613],[-122.5762247059971,47.19910494994613],[-122.5762247059971,47.19910494994613],[-122.5762247059971,47.19910494994613],[-122.5762247059971,47.19910494994613],[-122.5762247059971,47.19910494994613],[-122.5762247059971,47.19910494994613],[-122.5762247059971,47.19910494994613],[-122.5762247059971,47.19910494994613],[-122.5762247059971,47.19910494994613],[-122.5762247059971,47.19910494994613],[-122.5762247059971,47.19910494994613],[-122.5762257679583,47.19910833948038],[-122.5762257679583,47.19910833948038],[-122.5762286331865,47.19911049366472],[-122.5762289222295,47.19911122266857],[-122.5762288566586,47.19911159106852],[-122.5762281445408,47.19911166598902],[-122.5762278060345,47.19911118801513],[-122.5762256237156,47.19911173409729],[-122.5762231012476,47.19911066893825],[-122.5762102516403,47.19910713843698],[-122.5761750956801,47.19910244269408],[-122.5761194986932,47.19909079924258],[-122.5760529783305,47.19907086519738],[-122.5759812133386,47.19905323401186],[-122.5759187440625,47.19901279002614],[-122.5758529253284,47.19897908330071],[-122.575787266646,47.19894427285315],[-122.5757221995859,47.19890762017941],[-122.57566600886,47.19887259265298],[-122.5756058468787,47.19883907993076],[-122.5755503983924,47.19880376313955],[-122.575494850975,47.19877132642718],[-122.57543675188,47.198739377443],[-122.5753816058427,47.19870467583618],[-122.5753246467859,47.19867055431146],[-122.5752637621085,47.19863232679204],[-122.5752068150809,47.1986018911155],[-122.5751515056776,47.1985638504953],[-122.5750929109728,47.19853089108683],[-122.5750395737389,47.19849559422889],[-122.5749845748838,47.19845939935588],[-122.5749331584465,47.19842532887499],[-122.5748790141497,47.19839622731146],[-122.5748227269333,47.1983620455653],[-122.574774618611,47.19833442493285],[-122.5747100669705,47.19829998383459],[-122.5746560296084,47.19826511323927],[-122.5746047158448,47.19823241787842],[-122.574562551136,47.19820096959302],[-122.574562551136,47.19820096959302],[-122.5745047334435,47.19816605565504],[-122.574463956549,47.19814123638591],[-122.5743919629563,47.19811296178055],[-122.5743293208476,47.1980742549514],[-122.5742680706646,47.19804300727107],[-122.5741976121406,47.19801463242478],[-122.5741248791663,47.19799160958922],[-122.5740498834699,47.19796864799841],[-122.5739666921936,47.1979478584939],[-122.5738849691288,47.1979342907789],[-122.5738036159447,47.19792721735117],[-122.5737240614005,47.19793111398158],[-122.5736612487551,47.19794420704777],[-122.5735959242402,47.19796007303604],[-122.5735293852648,47.19796860570682],[-122.5734660841305,47.19798897860558],[-122.573408843229,47.19800959937897],[-122.5733427102204,47.19802627469369],[-122.5732794404,47.19805017182307],[-122.5732079345755,47.19806774485044],[-122.573136882968,47.19808800246076],[-122.573056687433,47.19810781802109],[-122.5729875655414,47.1981464239584],[-122.5729172990572,47.19816254392643],[-122.572848441033,47.1981863528804],[-122.5727654903482,47.19821635060011],[-122.5726899823213,47.19825865215734],[-122.5726344036463,47.19831367653347],[-122.5726255187219,47.19837034162889],[-122.5726326427597,47.19842649237786],[-122.5726607978776,47.19847409035926],[-122.572716544989,47.19851861858468],[-122.5727782076834,47.19855677461558],[-122.5728314431782,47.19859682300302],[-122.5728942261096,47.19862789321846],[-122.5729635510223,47.19865728756681],[-122.5730301446577,47.1986848873875],[-122.5730940955931,47.19871932111617],[-122.5731471218121,47.19875544340928],[-122.5732070120321,47.19879135152504],[-122.5732711317453,47.1988280913416],[-122.5733320800327,47.19886392932201],[-122.5733978814661,47.1989012353766],[-122.5734586195985,47.19893558532001],[-122.5735153629015,47.1989714030854],[-122.5735650832613,47.199006155642],[-122.5736175689834,47.19903765008085],[-122.5736836781456,47.19906978110266],[-122.5737437025473,47.19910932807269],[-122.5737958224563,47.19914353629792],[-122.5738548772676,47.19918618312311],[-122.5739199411167,47.1992207195297],[-122.5739724071346,47.19926021023549],[-122.5740326737319,47.19929839872557],[-122.5740908193495,47.1993400536511],[-122.5741544751706,47.19937666178697],[-122.5742224715038,47.1994124434528],[-122.5742737196923,47.1994465362551],[-122.5743104869733,47.19947498541983],[-122.5743573253381,47.19950512804249],[-122.5744105225462,47.19953878323833],[-122.5744759925891,47.19956897771348],[-122.5745631188308,47.1995929463265],[-122.5746581930722,47.19960029175715],[-122.5747537619031,47.19959805940282],[-122.5748451937236,47.19958506843864],[-122.5749304210144,47.19957362323611],[-122.5750186349971,47.19955908428948],[-122.5751102298865,47.19954378267508],[-122.5751975355722,47.19952610056242],[-122.5752904974357,47.19950855347568],[-122.5753798144089,47.19948944811748],[-122.5754639321658,47.19947400528665],[-122.5755489208619,47.19945260876506],[-122.5756320225973,47.19943431236784],[-122.5757062019051,47.19941426750437],[-122.5757753116847,47.19939671390088],[-122.5758385929324,47.19938160129011],[-122.5759051429743,47.19936512454415],[-122.5759665035479,47.19934880650961],[-122.5760386428221,47.19933939947664],[-122.5761151011755,47.19933500333968],[-122.5761930638079,47.19933171308273],[-122.5762812652528,47.19932834137795],[-122.5763679096253,47.19933063758045],[-122.5764618201955,47.19933070685845],[-122.576550484411,47.19934287824743],[-122.5766246972761,47.19935044445176],[-122.5766887991729,47.19936534487804],[-122.5767493877658,47.19937281098492],[-122.5768093471589,47.19938656595303],[-122.5768716619853,47.19939795208635],[-122.5769467451439,47.19941616153951],[-122.5770200795335,47.19943073543575],[-122.5771003071684,47.19944467350027],[-122.5771727168193,47.19945834475437],[-122.5772506859713,47.19947167276688],[-122.5773224857048,47.19948897194735],[-122.577390638611,47.19950065239423],[-122.5774589427023,47.19951036364795],[-122.5775247344878,47.19951838391404],[-122.5775954569496,47.19952884298605],[-122.5776690571084,47.19953946484839],[-122.5777423432311,47.1995535559664],[-122.5778195825029,47.19956706497432],[-122.57789667271,47.19957625848089],[-122.5779658334643,47.19959465699129],[-122.5780497570545,47.19960836577481],[-122.5781293229199,47.19961664891795],[-122.5782056488877,47.19962301835847],[-122.578285340417,47.19963181231248],[-122.5783617994388,47.19963844006291],[-122.578433686661,47.19964820377925],[-122.5785086495803,47.19965607773666],[-122.5785842687748,47.19966619802009],[-122.5786573546038,47.19967416460837],[-122.5787339146843,47.19968080383012],[-122.5788130581506,47.19968592094691],[-122.5788869467463,47.19968299818087],[-122.5789615736536,47.19968375767511],[-122.5790392040201,47.19968625598683],[-122.5791105130538,47.19968803639667],[-122.5791797815747,47.19968824442645],[-122.5792521836653,47.19968181954403],[-122.5793195880402,47.19967627089142],[-122.5793839254782,47.19967578645947],[-122.5794447024279,47.19967250429546],[-122.579476669165,47.19966625969226],[-122.5794775198418,47.1996618236991],[-122.5794746865706,47.19966385249655],[-122.5794949005731,47.1996585229095],[-122.5795249691276,47.19965665600353],[-122.5795569737633,47.1996549585753],[-122.5795848200047,47.19965268650816],[-122.5796113918509,47.19964845615979],[-122.5796405236596,47.19964345612519],[-122.5796678552086,47.19964077611701],[-122.5796906519736,47.19963635415489],[-122.5797257242639,47.19963132774881],[-122.5797587825243,47.19963737649883],[-122.5797810116828,47.19964861212027],[-122.5798025591687,47.1996661202686],[-122.579817613007,47.19968674696895],[-122.5798301837392,47.19971501924894],[-122.5798231602189,47.19975615969034],[-122.5798203018442,47.19980746786833],[-122.579815538701,47.19985776795887],[-122.5798243632036,47.19990878294765],[-122.5798366809967,47.19995819053547],[-122.5798431677688,47.20000512474783],[-122.5798444525108,47.20005412472187],[-122.5798563602431,47.20010428576091],[-122.5798599664209,47.20015571948247],[-122.5798634608225,47.20020276674307],[-122.5798707992838,47.20025228670573],[-122.5798776314648,47.20030079217615],[-122.5798819828121,47.20034871901275],[-122.5798833457133,47.20039203215158],[-122.5798858178545,47.20043480588048],[-122.5798851198861,47.20047123686734],[-122.5798636568477,47.20051917077183],[-122.5798261010535,47.20055835996157],[-122.5797538249333,47.2005833134309],[-122.579686499555,47.2005904969115],[-122.5796103490084,47.20059817987953],[-122.57953283379,47.20059881697889],[-122.5794609613528,47.20060083522534],[-122.5793905367119,47.20059609712118],[-122.5793194279649,47.20058965494822],[-122.5792605564816,47.20058690414461],[-122.5792018515734,47.20058404558505],[-122.5791465278475,47.20058499552346],[-122.5791007020468,47.20058602905983],[-122.5790508280294,47.20059290736919],[-122.5790116525657,47.2005942487583],[-122.5789738527538,47.20059550837318],[-122.5789346262507,47.20059948116965],[-122.5789004058663,47.20060947391936],[-122.5788731938946,47.20061750669819],[-122.5788487321386,47.20062923379017],[-122.5788218955051,47.20064108888545],[-122.5788112811557,47.20064982497963],[-122.5787965136448,47.20065820335006],[-122.578774943305,47.20067083252695],[-122.5787549511235,47.20068918514899],[-122.5787345787585,47.20070193852327],[-122.5787147713952,47.20071965608146],[-122.5786974618544,47.20073452244587],[-122.5786851285441,47.20075118007644],[-122.5786728054917,47.20076959646566],[-122.5786620815262,47.20078196356117],[-122.5786437667975,47.20079897377266],[-122.5786253673792,47.20080966797656],[-122.5786010153153,47.20082461430831],[-122.578583560601,47.2008372832048],[-122.5785630338756,47.20085096455078],[-122.5785457088696,47.20086260533042],[-122.5785278557053,47.20087636393652],[-122.5785126212569,47.20088825891205],[-122.5784959816705,47.20090338276685],[-122.578476975817,47.20091642561116],[-122.5784553782078,47.20093143257494],[-122.5784336712549,47.20094576491687],[-122.5784120346461,47.20095862271643],[-122.5783879579892,47.20097327975724],[-122.57836256548,47.20098524718894],[-122.5783372386676,47.20099864821556],[-122.5783119724159,47.20101272310893],[-122.5782827344715,47.2010256584447],[-122.5782512993007,47.20103544538623],[-122.5782173540723,47.20104549157588],[-122.5781854938973,47.20105631077743],[-122.5781441894301,47.20106526462605],[-122.5780909403078,47.2010706914432],[-122.5780301938712,47.20107392541111],[-122.5779687079887,47.20107698474135],[-122.5779101805763,47.20107600104848],[-122.5778565418458,47.20106790156898],[-122.5778042962263,47.20106075518295],[-122.5777423172017,47.20104801215334],[-122.5776715406886,47.20103260165462],[-122.5776054859587,47.20101587436463],[-122.5775372982067,47.2010017320821],[-122.5774709959843,47.20099181761248],[-122.5774076055258,47.20098540232542],[-122.5773462235939,47.20098165604652],[-122.5772748560709,47.20099484578041],[-122.5772095649915,47.20101198462618],[-122.5771601333376,47.20105033873826],[-122.577115343721,47.20109081298163],[-122.5770840327782,47.20113466621359],[-122.577063075451,47.20118359377481],[-122.5770660900412,47.20123360251254],[-122.5770947628528,47.20129122242904],[-122.5771411166645,47.20134068831641],[-122.5771841820689,47.20139074719221],[-122.5772306039571,47.20143621935762],[-122.5772738780091,47.20147925454984],[-122.5773301494413,47.2015182004606],[-122.5773964660184,47.20155178592073],[-122.5774667150673,47.20157416199031],[-122.5775405462353,47.20159455613481],[-122.5776129340095,47.20161398070726],[-122.5776939239101,47.20163824552818],[-122.5777693775438,47.20164833444797],[-122.5778495331908,47.20165946146091],[-122.5779273002348,47.20167001998283],[-122.5779899777361,47.20167599925693],[-122.57806815714,47.20167824248875],[-122.5781448880115,47.20167385588532],[-122.5782207900531,47.20167101818311],[-122.5782926677107,47.20167422870953],[-122.578373873224,47.20167149539527],[-122.5784543263623,47.20167737457391],[-122.5785346081828,47.20168017088407],[-122.578610329208,47.20168720507872],[-122.5786888255214,47.20169793235591],[-122.5787649828429,47.20171365086546],[-122.5788320641223,47.20173073704467],[-122.5788997176795,47.20174779133096],[-122.5789667703693,47.2017643459332],[-122.5790374552403,47.20178074120942],[-122.5791118485063,47.20179140040177],[-122.5791844041987,47.20179924996147],[-122.579262832778,47.20181103536418],[-122.5793364401232,47.20181618285086],[-122.5793887088442,47.20182378739121],[-122.5794083712091,47.20182748327595],[-122.579406431441,47.20182750072241],[-122.5794013658018,47.20182493870959],[-122.5794011252295,47.20182501233088],[-122.5794011252295,47.20182501233088],[-122.5794042830123,47.2018232632229],[-122.5794221705632,47.20182554968373],[-122.5794520784885,47.20182900361498],[-122.5794926409851,47.20183343600074],[-122.5795528404805,47.20183822289869],[-122.5796193251585,47.20184408237876],[-122.5796949800053,47.20184995882502],[-122.5797671881556,47.20186019140372],[-122.579831329695,47.20187705068393],[-122.5798880247417,47.20189199806914],[-122.579960684064,47.20190841280205],[-122.5800292584043,47.20193224472432],[-122.5801037726686,47.20195441355598],[-122.5801862217204,47.20196708043748],[-122.5802705900043,47.20197997006465],[-122.5803605556248,47.20197983776369],[-122.5804370305073,47.20196870660194],[-122.5805260177803,47.2019615847026],[-122.5806162090802,47.20195612456373],[-122.5807141283317,47.20194954739308],[-122.5807785194674,47.20193484789966],[-122.5808091009073,47.20192145978135],[-122.5808259287994,47.20191861439643],[-122.5808262993755,47.2019126963176],[-122.5808242706501,47.20191607554428],[-122.5808293818759,47.20192983134601],[-122.5808586805659,47.2019532350525],[-122.5808922011932,47.20195087321033],[-122.5809209520484,47.20193742963436],[-122.5809209520484,47.20193742963436],[-122.5809387559726,47.20192351557819],[-122.5809577417903,47.20191434815582],[-122.5809725536803,47.20190664155022],[-122.5809938750864,47.20189139840075],[-122.5810307869853,47.20187160853544],[-122.5810760154664,47.20185710745336],[-122.581119935041,47.20184080974354],[-122.5811668593935,47.20182381567027],[-122.5812204863292,47.20180054517271],[-122.5812833251213,47.20176784886852],[-122.5813068107218,47.20171970293032],[-122.5813353343755,47.20167053693567],[-122.5813419163347,47.20162255049554],[-122.581365013773,47.20156874040863],[-122.5813695097009,47.20151303402129],[-122.5813532322421,47.20146187865134],[-122.5813165702205,47.20142275492029],[-122.5812789835329,47.20138230368441],[-122.5812470363488,47.20134377801365],[-122.5812266191705,47.20129311105597],[-122.5812108709651,47.20123456994492],[-122.58121467153,47.20117893763155],[-122.5812073636607,47.20112519713044],[-122.5812028059398,47.20107549232931],[-122.5811991811414,47.20102663640197],[-122.5811909034237,47.20098204823869],[-122.5811767774514,47.20094031935195],[-122.5811585245476,47.20091234429981],[-122.5811464861686,47.20088439150322],[-122.5811399994898,47.20086054273376],[-122.5811327276053,47.20084116913179],[-122.5811234378134,47.20082010140354],[-122.581116940306,47.2007950458926],[-122.5811076175879,47.20077084432275],[-122.581103074693,47.20074664912169],[-122.5810964705882,47.20072466189455],[-122.5810878045054,47.20070180281025],[-122.5810729592627,47.20067912794557],[-122.5810555623226,47.20065121668998],[-122.5810263269009,47.20061566242891],[-122.5809848931955,47.20058097490729],[-122.5809364049638,47.20054790445071],[-122.5808873371983,47.20052634088842],[-122.5808386590368,47.20050718747818],[-122.5807918086556,47.20050888034561],[-122.5807385101756,47.20051375361728],[-122.5806995488637,47.20051935974249],[-122.5806555038369,47.20052805919492],[-122.5806191024241,47.20053275908306],[-122.5805791065897,47.20053743930515],[-122.5805280695645,47.20054185765864],[-122.5804964272709,47.20054658930302],[-122.5804553320719,47.20055010518281],[-122.5804200624324,47.20054613986328],[-122.5803831673687,47.20054940974622],[-122.5803453412272,47.20054704438321],[-122.5803075887043,47.20054242603956],[-122.580272912561,47.20053707145892],[-122.5802383418443,47.20052975631716],[-122.5802063330935,47.20052173746499],[-122.5801805805308,47.20051086664614],[-122.5801538272416,47.20049757243932],[-122.5801334808072,47.20048171639298],[-122.5801126309509,47.20046294852804],[-122.5800950959677,47.20044612682297],[-122.5800811726325,47.2004250507679],[-122.5800727315797,47.2003961712659],[-122.5800682308613,47.20036663303236],[-122.5800676585689,47.20033415204768],[-122.5800684679316,47.20029219980925],[-122.5800626617479,47.20025003382208],[-122.5800773472397,47.20020426295669],[-122.5800728136323,47.20016000365727],[-122.5800731666749,47.20011513906532],[-122.5800650765219,47.20007656362688],[-122.5800585258304,47.20004415968603],[-122.5800590491624,47.19999433829142],[-122.5800557749808,47.19995022420834],[-122.5800509714235,47.19990595006517],[-122.5800526307751,47.19986222378201],[-122.5800483273627,47.19982079501361],[-122.5800451431184,47.19978171397546],[-122.5800437091423,47.19974801500624],[-122.580041519298,47.19971972314511],[-122.5800435491643,47.19969183176136],[-122.580067334906,47.19965434034459],[-122.5801029967979,47.19963105627154],[-122.5801498552909,47.19961821226261],[-122.5801955059166,47.1996122182499],[-122.580241200702,47.19960343188551],[-122.580293993041,47.19959787467664],[-122.580346438867,47.19959634543422],[-122.5804062177746,47.19959917026836],[-122.5804640336774,47.19959821743092],[-122.5805270487251,47.19959915309556],[-122.5805889772148,47.19959682313969],[-122.5806486520252,47.19959604442508],[-122.5807051459249,47.19959165241692],[-122.5807627768947,47.19958901987972],[-122.5808167841207,47.19958846251031],[-122.5808776630868,47.19959032730657],[-122.5809317966035,47.19958924778505],[-122.5809795065002,47.19959040771034],[-122.5810271179861,47.19958921741346],[-122.5810838798834,47.19958827425562],[-122.5811483288667,47.19958697258401],[-122.5812247349101,47.19958702538468],[-122.5812998402049,47.19958683535289],[-122.581385519369,47.19958772678744],[-122.5814703934166,47.19958734826012],[-122.581551433265,47.19959004702915],[-122.5816354433758,47.19958981347315],[-122.5817180912568,47.19959407424628],[-122.5817982937423,47.199593260211],[-122.5818777921527,47.19959917016109],[-122.5819612910763,47.19958672715834],[-122.5820151097441,47.19957289621293],[-122.5820566862697,47.19951674593941],[-122.5820684462662,47.19945916936958],[-122.582057073787,47.19940643425274],[-122.5820409716035,47.19936065570725],[-122.5820275760115,47.19930176776023],[-122.5820140000124,47.19924235652081],[-122.5820221799481,47.19918831953735],[-122.5820154818966,47.19912658463066],[-122.5820096211548,47.1990712449672],[-122.5820083221353,47.19901352288753],[-122.5820037560322,47.19895592750153],[-122.5819950867842,47.19890310089644],[-122.5819834790875,47.19885365708649],[-122.5819680637415,47.19880437716455],[-122.58190905186,47.19876724820264],[-122.581856466428,47.19873645571609],[-122.5818107169246,47.19873018165381],[-122.5817625899303,47.19873121825034],[-122.5817355360516,47.19873294844052],[-122.5817246760474,47.19873135477639],[-122.5817168116118,47.19872855019064],[-122.5817179042041,47.19872931446814],[-122.5817174143246,47.19872917459362],[-122.5817174143246,47.19872917459362],[-122.5817181012432,47.19873448891639],[-122.5817216330972,47.19873663173454],[-122.5817189953499,47.19873397208389],[-122.5817165162096,47.19873165456013],[-122.5817165863774,47.19872909478739],[-122.5817231104073,47.19872913888776],[-122.581722839547,47.19873141933721],[-122.5817182378298,47.19873063485942],[-122.5817176334457,47.19872992142666],[-122.5817176334457,47.19872992142666],[-122.5817176334457,47.19872992142666],[-122.5817176334457,47.19872992142666],[-122.5817176334457,47.19872992142666],[-122.5817176334457,47.19872992142666],[-122.5817176334457,47.19872992142666],[-122.5817176334457,47.19872992142666],[-122.5817176334457,47.19872992142666],[-122.5817176334457,47.19872992142666],[-122.5817176334457,47.19872992142666],[-122.5817176334457,47.19872992142666],[-122.5817176334457,47.19872992142666],[-122.5817176334457,47.19872992142666],[-122.5817176334457,47.19872992142666],[-122.5817176334457,47.19872992142666],[-122.5817176334457,47.19872992142666],[-122.5817176334457,47.19872992142666],[-122.5817176334457,47.19872992142666],[-122.5817176334457,47.19872992142666],[-122.5817176334457,47.19872992142666],[-122.5817176334457,47.19872992142666],[-122.5817176334457,47.19872992142666],[-122.5817176334457,47.19872992142666],[-122.5817176334457,47.19872992142666],[-122.5817176334457,47.19872992142666],[-122.5817176334457,47.19872992142666],[-122.5817176334457,47.19872992142666],[-122.5817176334457,47.19872992142666],[-122.5817176334457,47.19872992142666],[-122.5817176334457,47.19872992142666],[-122.5817176334457,47.19872992142666],[-122.5817176334457,47.19872992142666],[-122.5817176334457,47.19872992142666],[-122.5817176334457,47.19872992142666],[-122.5817176334457,47.19872992142666],[-122.5817176334457,47.19872992142666],[-122.5817176334457,47.19872992142666],[-122.5817176334457,47.19872992142666],[-122.5817176334457,47.19872992142666],[-122.5817176334457,47.19872992142666],[-122.5817176334457,47.19872992142666],[-122.5817176334457,47.19872992142666],[-122.5817176334457,47.19872992142666],[-122.5817176334457,47.19872992142666],[-122.5817176334457,47.19872992142666],[-122.5817176334457,47.19872992142666],[-122.5817176334457,47.19872992142666],[-122.5817176334457,47.19872992142666],[-122.5817176334457,47.19872992142666],[-122.5817176334457,47.19872992142666],[-122.5817176334457,47.19872992142666],[-122.5817176334457,47.19872992142666],[-122.5817176334457,47.19872992142666],[-122.5817176334457,47.19872992142666],[-122.5817176334457,47.19872992142666],[-122.5817176334457,47.19872992142666],[-122.5817176334457,47.19872992142666],[-122.5817176334457,47.19872992142666],[-122.5817176334457,47.19872992142666],[-122.5817176334457,47.19872992142666],[-122.5817176334457,47.19872992142666],[-122.5817176334457,47.19872992142666],[-122.5817176334457,47.19872992142666],[-122.5817176334457,47.19872992142666],[-122.5817176334457,47.19872992142666],[-122.5817176334457,47.19872992142666],[-122.5817176334457,47.19872992142666],[-122.5817176334457,47.19872992142666],[-122.5817176334457,47.19872992142666],[-122.5817176334457,47.19872992142666],[-122.5817176334457,47.19872992142666],[-122.5817176334457,47.19872992142666],[-122.5817176334457,47.19872992142666],[-122.5817176334457,47.19872992142666],[-122.5817176334457,47.19872992142666],[-122.5817176334457,47.19872992142666],[-122.5817176334457,47.19872992142666],[-122.5817176334457,47.19872992142666],[-122.5817176334457,47.19872992142666],[-122.5817176334457,47.19872992142666],[-122.5817176334457,47.19872992142666],[-122.5817176334457,47.19872992142666],[-122.5817176334457,47.19872992142666],[-122.5817176334457,47.19872992142666],[-122.5817176334457,47.19872992142666],[-122.5817176334457,47.19872992142666],[-122.5817176334457,47.19872992142666],[-122.5817176334457,47.19872992142666],[-122.5817176334457,47.19872992142666],[-122.5817176334457,47.19872992142666],[-122.5817176334457,47.19872992142666],[-122.5817176334457,47.19872992142666],[-122.5817176334457,47.19872992142666],[-122.5817176334457,47.19872992142666],[-122.5817176334457,47.19872992142666],[-122.5817176334457,47.19872992142666],[-122.5817176334457,47.19872992142666],[-122.5817176334457,47.19872992142666],[-122.5817176334457,47.19872992142666],[-122.5817176334457,47.19872992142666],[-122.5817176334457,47.19872992142666],[-122.5817176334457,47.19872992142666],[-122.5817176334457,47.19872992142666],[-122.5817176334457,47.19872992142666],[-122.5817176334457,47.19872992142666],[-122.5817176334457,47.19872992142666],[-122.5816895241116,47.19873099888915],[-122.5816902417935,47.19873216696787],[-122.5816987274739,47.19873306303899],[-122.581699218516,47.19873110240036],[-122.5816978815519,47.19873293028657],[-122.5816985355397,47.19873046107907],[-122.5816997489222,47.19873191345173],[-122.581700182619,47.19873166324645],[-122.581700182619,47.19873166324645],[-122.581700182619,47.19873166324645],[-122.581700182619,47.19873166324645],[-122.581700182619,47.19873166324645],[-122.5817017998847,47.19872986440252],[-122.5817039989791,47.19873046244768],[-122.5816830803539,47.19873077868462],[-122.5816589323212,47.19873477838853],[-122.581641284444,47.19873574171312],[-122.5816268085037,47.19873867809209],[-122.5815845276749,47.19874621757603],[-122.5815245975455,47.19875682878327],[-122.5814639289643,47.1987655342335],[-122.5814062653267,47.1987703996292],[-122.5813376438503,47.19877692739959],[-122.5812666336963,47.19878359537185],[-122.5811927730543,47.19878761452897],[-122.5811235130022,47.19879107896445],[-122.5810528075651,47.19879657202701],[-122.5809790040968,47.1988041580565],[-122.580902676302,47.19881050215152],[-122.5808274713366,47.19881641612974],[-122.5807526238689,47.19881841385485],[-122.5806770410572,47.19882564356618],[-122.5806003880463,47.19883309087635],[-122.5805275047843,47.19883990263839],[-122.5804591700686,47.19884161025586],[-122.5804062334446,47.19884390307919],[-122.5803596483241,47.19884400461815],[-122.5803122597751,47.19884669571687],[-122.5802692105904,47.19885014090194],[-122.5802182930016,47.19885321461239],[-122.5801767589132,47.19885829855114],[-122.5801323692497,47.19885913850607],[-122.5800882984448,47.19885738322065],[-122.5800376330192,47.19885857294933],[-122.5799981331477,47.1988601913284],[-122.5799419368447,47.19886222269125],[-122.5798955465516,47.19886791343651],[-122.579849435068,47.1988754491335],[-122.5797846538648,47.19887949815549],[-122.5797318040001,47.19888270733883],[-122.5796678256132,47.19888974936689],[-122.5796118828078,47.19889347768576],[-122.5795570955659,47.19889805313151],[-122.5795139573065,47.19890146106157],[-122.5794635935985,47.19890369026041],[-122.5794246882575,47.19890484725488],[-122.5793898525697,47.19890790036043],[-122.5793579769579,47.19891106527333],[-122.5793223282785,47.1989128565349],[-122.579293635873,47.19891586070543],[-122.5792666450825,47.19891984067193],[-122.5792301864633,47.19891916955719],[-122.5791914879783,47.19892654991998],[-122.5791543374855,47.19893008299395],[-122.5791166371183,47.19893268613156],[-122.5790736446108,47.19893712822294],[-122.5790249782386,47.19893921655574],[-122.5789791545611,47.19894180406031],[-122.5789306520919,47.19894600970884],[-122.5788695984096,47.19894924398066],[-122.5788069882223,47.19895301019594],[-122.5787370011986,47.1989565497434],[-122.5786696145482,47.19896012674432],[-122.57859408824,47.19896453688516],[-122.5785261099907,47.19897219133165],[-122.5784562552524,47.1989766897804],[-122.5783893575862,47.19898287156522],[-122.5783143229649,47.19898400782493],[-122.578240426603,47.19899038373666],[-122.5781627405023,47.19899608067346],[-122.5780907647377,47.19900126931514],[-122.5780190196148,47.19900746530156],[-122.5779477806311,47.19900918418597],[-122.5778732540256,47.19901759510803],[-122.5777864808975,47.19902106697955],[-122.5777095645042,47.19902728829002],[-122.5776306742976,47.19903085321506],[-122.5775594580159,47.19903716938991],[-122.5774874104384,47.19904032631404],[-122.5774187993793,47.19904041726705],[-122.577362233033,47.19904231697601],[-122.5773102134642,47.19904606146521],[-122.5772554443253,47.19904752789112],[-122.5772063507129,47.19905056654162],[-122.5771473123724,47.19905026422167],[-122.5770929268386,47.19905546026325],[-122.5770305925226,47.1990569981435],[-122.5769691564309,47.1990599983265],[-122.5769059903081,47.19906072683888],[-122.5768427574549,47.19907012839807],[-122.576793145942,47.19909226745493],[-122.5767636311157,47.19912522095519],[-122.5767580184199,47.19916191213904],[-122.5767728320452,47.19919025088107],[-122.5767760657707,47.199203171111],[-122.5767821009458,47.19920145529702],[-122.5767857044039,47.19920905611552],[-122.576788192455,47.19921426525779],[-122.5767911440451,47.19922159568787],[-122.576795119245,47.19922946658762],[-122.576798700792,47.19923751084173],[-122.5768035121731,47.19924573387802],[-122.576813223758,47.19926234905256],[-122.5768218425492,47.19927544343303],[-122.5768294247138,47.19928849913304],[-122.5768360230346,47.19929940912898],[-122.5768465096753,47.19931272234129],[-122.576869839873,47.19932951377179],[-122.5769011969289,47.19934610967194],[-122.5769466750791,47.19935752285465],[-122.5770062515211,47.19936202054976],[-122.577061552993,47.19936463228699],[-122.5771286875613,47.19936974605505],[-122.5771954568572,47.19938095277048],[-122.5772596274009,47.19939175130293],[-122.5773206728689,47.19940485946898],[-122.5773799143715,47.19941596588226],[-122.5774394695983,47.19942555171697],[-122.5775002306057,47.19943732713597],[-122.5775604813236,47.19944954302068],[-122.5776268030436,47.19945871317967],[-122.5776925168158,47.1994675684365],[-122.5777710347505,47.19948209456994],[-122.5778390309367,47.19949327467504],[-122.5779141505694,47.19950771617175],[-122.5779878738883,47.19951877362794],[-122.5780633701364,47.19953256223353],[-122.5781394959214,47.19954617110105],[-122.5782173571204,47.19955932392648],[-122.5782891982536,47.19956862333627],[-122.5783628573057,47.19957646783772],[-122.578432944985,47.19958499971797],[-122.5784775258317,47.19971611369355],[-122.5785750338214,47.19959679674295],[-122.5786426086087,47.19960563270284],[-122.5787066833074,47.19961087346328],[-122.5787749608439,47.19961699470919],[-122.5788447731359,47.1996211830471],[-122.5789044982999,47.19962233256614],[-122.5789456182289,47.19962502427928],[-122.5789841695305,47.19962558128893],[-122.5790268064455,47.199630850303],[-122.5790670408577,47.19963827312144],[-122.5790902414952,47.19963996176217],[-122.579117828751,47.19964307222433],[-122.5791514603879,47.19964744368307],[-122.5791882701793,47.19965204365365],[-122.5792244381007,47.19966466644477],[-122.5792690488315,47.19967131964739],[-122.5793143625692,47.19967317023155],[-122.5793657272069,47.19967036538096],[-122.5794123491793,47.19967286214658],[-122.5794400327937,47.1996698895472],[-122.5794540040203,47.19966738623916],[-122.5794841364181,47.19966579516932],[-122.5795161368045,47.19966007772448],[-122.5795553473066,47.19965779412755],[-122.5795939899338,47.19965402653513],[-122.5796339578856,47.19964995375067],[-122.5796663418308,47.19964534710917],[-122.5796976182772,47.19964182630404],[-122.5797349278533,47.19964543236385],[-122.5797700976435,47.19965375446321],[-122.5797991008827,47.19966996557331],[-122.5798224144537,47.19969613025687],[-122.5798389838276,47.19973305654856],[-122.5798438493614,47.19976390609417],[-122.5798500331716,47.19979120103916],[-122.5798545467767,47.19982740243845],[-122.5798595439689,47.19986086381046],[-122.5798670517949,47.19989225580373],[-122.579875395043,47.199922484552],[-122.5798806750761,47.199947769982],[-122.5798837419203,47.1999742097358],[-122.5798863859788,47.19999638021585],[-122.5798897286029,47.20001889382483],[-122.5798923093473,47.20004122464557],[-122.579890518956,47.20006827885778],[-122.5799024023145,47.2000848122554],[-122.5799011233192,47.20010738046997],[-122.5799030234442,47.2001209355202],[-122.5799028175692,47.20013238391127],[-122.5799043347331,47.2001473354924],[-122.5799022569283,47.2001601236756],[-122.5798999068701,47.2001743522432],[-122.579899616485,47.20018770903732],[-122.5799002750183,47.20020240117751],[-122.5799016462085,47.20021371239662],[-122.5799032519092,47.20023142396379],[-122.5799117337756,47.20024256881085],[-122.5799094507326,47.20025383081827],[-122.5799160481301,47.20026917102238],[-122.5799203559759,47.20028370789033],[-122.5799249514745,47.20029599800493],[-122.5799300307247,47.20030886032777],[-122.5799338688989,47.20032126613989],[-122.5799328566183,47.20033759137183],[-122.5799318369501,47.20035423726109],[-122.5799347919345,47.20037662807918],[-122.5799377179071,47.20039840579447],[-122.5799388294084,47.20043007873197],[-122.579934562546,47.20045807218641],[-122.5799407946811,47.20048640713341],[-122.5799425172151,47.2005079338214],[-122.5799404883785,47.20052380097518],[-122.579940744549,47.20052600642808],[-122.5799426603467,47.20052674697876],[-122.5799376488106,47.20054045419248],[-122.5799403622838,47.20055950054306],[-122.5799339650552,47.20056490774431],[-122.5799351042614,47.2005619274484],[-122.5799394530471,47.20055767820151],[-122.5799398483091,47.20057176006813],[-122.5799332725875,47.20059645120451],[-122.5799252768056,47.20063115086262],[-122.5799202110355,47.20067344444303],[-122.5799148377126,47.20072161330085],[-122.5799075091821,47.20076928410756],[-122.5798999953131,47.20082339611968],[-122.5798906307205,47.20087710710202],[-122.5798856888273,47.20093266918603],[-122.5798751614768,47.20098521489808],[-122.5798636479792,47.20103926814975],[-122.5798529032968,47.20109119243126],[-122.5798387999609,47.20114521045846],[-122.5798225685685,47.20119606686327],[-122.5798182755446,47.20125377402946],[-122.5798082577393,47.20130634756372],[-122.5797961097021,47.20135443552375],[-122.5797844538582,47.20139407779283]]}}
